MODE=merged UID=1000 CLONE=/home/coshow/COSHOW
Python 3.10.12
PASS initial process has no ROS overlay and no existing workspace build/install
UNDERLAY_ONLY AMENT_PREFIX_PATH=/opt/ros/humble
PASS initial interfaces and dashboard/OpenCV dependencies absent
Starting >>> coshow_interfaces
Starting >>> crazyflie_interfaces
-- The C compiler identification is GNU 11.4.0
-- The C compiler identification is GNU 11.4.0
-- The CXX compiler identification is GNU 11.4.0
-- The CXX compiler identification is GNU 11.4.0
-- Detecting C compiler ABI info
-- Detecting C compiler ABI info
-- Detecting C compiler ABI info - done
-- Detecting C compiler ABI info - done
-- Check for working C compiler: /usr/bin/cc - skipped
-- Detecting C compile features
-- Check for working C compiler: /usr/bin/cc - skipped
-- Detecting C compile features
-- Detecting C compile features - done
-- Detecting C compile features - done
-- Detecting CXX compiler ABI info
-- Detecting CXX compiler ABI info
-- Detecting CXX compiler ABI info - done
-- Detecting CXX compiler ABI info - done
-- Check for working CXX compiler: /usr/bin/c++ - skipped
-- Check for working CXX compiler: /usr/bin/c++ - skipped
-- Detecting CXX compile features
-- Detecting CXX compile features
-- Detecting CXX compile features - done
-- Detecting CXX compile features - done
-- Found ament_cmake: 1.3.14 (/opt/ros/humble/share/ament_cmake/cmake)
-- Found ament_cmake: 1.3.14 (/opt/ros/humble/share/ament_cmake/cmake)
-- Found Python3: /usr/bin/python3 (found version "3.10.12") found components: Interpreter 
-- Found Python3: /usr/bin/python3 (found version "3.10.12") found components: Interpreter 
-- Found builtin_interfaces: 1.2.3 (/opt/ros/humble/share/builtin_interfaces/cmake)
-- Found std_msgs: 4.9.2 (/opt/ros/humble/share/std_msgs/cmake)
-- Found rosidl_generator_c: 3.1.9 (/opt/ros/humble/share/rosidl_generator_c/cmake)
-- Found rosidl_generator_c: 3.1.9 (/opt/ros/humble/share/rosidl_generator_c/cmake)
-- Found rosidl_adapter: 3.1.9 (/opt/ros/humble/share/rosidl_adapter/cmake)
-- Found rosidl_adapter: 3.1.9 (/opt/ros/humble/share/rosidl_adapter/cmake)
-- Found rosidl_generator_cpp: 3.1.9 (/opt/ros/humble/share/rosidl_generator_cpp/cmake)
-- Found rosidl_generator_cpp: 3.1.9 (/opt/ros/humble/share/rosidl_generator_cpp/cmake)
-- Using all available rosidl_typesupport_c: rosidl_typesupport_fastrtps_c;rosidl_typesupport_introspection_c
-- Using all available rosidl_typesupport_c: rosidl_typesupport_fastrtps_c;rosidl_typesupport_introspection_c
-- Using all available rosidl_typesupport_cpp: rosidl_typesupport_fastrtps_cpp;rosidl_typesupport_introspection_cpp
-- Using all available rosidl_typesupport_cpp: rosidl_typesupport_fastrtps_cpp;rosidl_typesupport_introspection_cpp
-- Found geometry_msgs: 4.9.2 (/opt/ros/humble/share/geometry_msgs/cmake)
-- Found geometry_msgs: 4.9.2 (/opt/ros/humble/share/geometry_msgs/cmake)
-- Found rosidl_default_generators: 1.2.1 (/opt/ros/humble/share/rosidl_default_generators/cmake)
-- Found rosidl_default_generators: 1.2.1 (/opt/ros/humble/share/rosidl_default_generators/cmake)
-- Found ament_lint_auto: 0.12.15 (/opt/ros/humble/share/ament_lint_auto/cmake)
-- Found ament_cmake_ros: 0.10.0 (/opt/ros/humble/share/ament_cmake_ros/cmake)
-- Found ament_cmake_cppcheck: 0.12.15 (/opt/ros/humble/share/ament_cmake_cppcheck/cmake)
-- Found ament_cmake_cpplint: 0.12.15 (/opt/ros/humble/share/ament_cmake_cpplint/cmake)
-- Found ament_cmake_uncrustify: 0.12.15 (/opt/ros/humble/share/ament_cmake_uncrustify/cmake)
-- Found ament_cmake_ros: 0.10.0 (/opt/ros/humble/share/ament_cmake_ros/cmake)
-- Using all available rosidl_typesupport_c: rosidl_typesupport_fastrtps_c;rosidl_typesupport_introspection_c
-- Using all available rosidl_typesupport_c: rosidl_typesupport_fastrtps_c;rosidl_typesupport_introspection_c
-- Using all available rosidl_typesupport_cpp: rosidl_typesupport_fastrtps_cpp;rosidl_typesupport_introspection_cpp
-- Found PythonInterp: /usr/bin/python3 (found suitable version "3.10.12", minimum required is "3.6") 
-- Found python_cmake_module: 0.10.0 (/opt/ros/humble/share/python_cmake_module/cmake)
-- Found PythonLibs: /usr/lib/aarch64-linux-gnu/libpython3.10.so (found suitable version "3.10.12", minimum required is "3.5") 
-- Using PYTHON_EXECUTABLE: /usr/bin/python3
-- Using PYTHON_INCLUDE_DIRS: /usr/include/python3.10
-- Using PYTHON_LIBRARIES: /usr/lib/aarch64-linux-gnu/libpython3.10.so
-- Found PythonExtra: .so  
-- Using all available rosidl_typesupport_cpp: rosidl_typesupport_fastrtps_cpp;rosidl_typesupport_introspection_cpp
-- Found PythonInterp: /usr/bin/python3 (found suitable version "3.10.12", minimum required is "3.6") 
-- Found python_cmake_module: 0.10.0 (/opt/ros/humble/share/python_cmake_module/cmake)
-- Added test 'lint_cmake' to check CMake code style
-- Added test 'xmllint' to check XML markup files
-- Found PythonLibs: /usr/lib/aarch64-linux-gnu/libpython3.10.so (found suitable version "3.10.12", minimum required is "3.5") 
-- Using PYTHON_EXECUTABLE: /usr/bin/python3
-- Using PYTHON_INCLUDE_DIRS: /usr/include/python3.10
-- Using PYTHON_LIBRARIES: /usr/lib/aarch64-linux-gnu/libpython3.10.so
-- Configuring done
-- Found PythonExtra: .so  
-- Generating done
-- Build files have been written to: /home/coshow/COSHOW/ros2_ws/build/coshow_interfaces
-- Found ament_cmake_flake8: 0.12.15 (/opt/ros/humble/share/ament_cmake_flake8/cmake)
-- Found ament_cmake_pep257: 0.12.15 (/opt/ros/humble/share/ament_cmake_pep257/cmake)
[  2%] Generating C code for ROS interfaces
[  5%] Generating Rust code for ROS interfaces
[  5%] Built target ament_cmake_python_copy_coshow_interfaces
[  7%] Generating C++ code for ROS interfaces
-- Configuring done
running egg_info
creating coshow_interfaces.egg-info
writing coshow_interfaces.egg-info/PKG-INFO
writing dependency_links to coshow_interfaces.egg-info/dependency_links.txt
writing top-level names to coshow_interfaces.egg-info/top_level.txt
writing manifest file 'coshow_interfaces.egg-info/SOURCES.txt'
reading manifest file 'coshow_interfaces.egg-info/SOURCES.txt'
writing manifest file 'coshow_interfaces.egg-info/SOURCES.txt'
[  7%] Built target ament_cmake_python_build_coshow_interfaces_egg
-- Generating done
-- Build files have been written to: /home/coshow/COSHOW/ros2_ws/build/crazyflie_interfaces
[  0%] Generating C code for ROS interfaces
[  1%] Generating Rust code for ROS interfaces
[  1%] Generating C++ code for ROS interfaces
[  1%] Built target ament_cmake_python_copy_crazyflie_interfaces
[ 10%] Building C object CMakeFiles/coshow_interfaces__rosidl_generator_c.dir/rosidl_generator_c/coshow_interfaces/msg/detail/marker_detection__functions.c.o
[ 10%] Built target coshow_interfaces__cpp
[ 12%] Building C object CMakeFiles/coshow_interfaces__rosidl_generator_c.dir/rosidl_generator_c/coshow_interfaces/msg/detail/marker_detections__functions.c.o
[ 15%] Generating C++ type support for eProsima Fast-RTPS
[ 15%] Built target coshow_interfaces__rs
[ 17%] Generating C++ introspection for ROS interfaces
[ 20%] Generating C++ type support dispatch for ROS interfaces
[ 22%] Linking C shared library libcoshow_interfaces__rosidl_generator_c.so
[ 22%] Built target coshow_interfaces__rosidl_generator_c
[ 25%] Generating C type support for eProsima Fast-RTPS
running egg_info
creating crazyflie_interfaces.egg-info
writing crazyflie_interfaces.egg-info/PKG-INFO
writing dependency_links to crazyflie_interfaces.egg-info/dependency_links.txt
writing top-level names to crazyflie_interfaces.egg-info/top_level.txt
writing manifest file 'crazyflie_interfaces.egg-info/SOURCES.txt'
reading manifest file 'crazyflie_interfaces.egg-info/SOURCES.txt'
writing manifest file 'crazyflie_interfaces.egg-info/SOURCES.txt'
[  1%] Built target ament_cmake_python_build_crazyflie_interfaces_egg
[ 27%] Building CXX object CMakeFiles/coshow_interfaces__rosidl_typesupport_fastrtps_cpp.dir/rosidl_typesupport_fastrtps_cpp/coshow_interfaces/msg/detail/dds_fastrtps/marker_detection__type_support.cpp.o
[ 30%] Building CXX object CMakeFiles/coshow_interfaces__rosidl_typesupport_introspection_cpp.dir/rosidl_typesupport_introspection_cpp/coshow_interfaces/msg/detail/marker_detection__type_support.cpp.o
[ 32%] Building CXX object CMakeFiles/coshow_interfaces__rosidl_typesupport_cpp.dir/rosidl_typesupport_cpp/coshow_interfaces/msg/marker_detection__type_support.cpp.o
[ 35%] Building CXX object CMakeFiles/coshow_interfaces__rosidl_typesupport_fastrtps_c.dir/rosidl_typesupport_fastrtps_c/coshow_interfaces/msg/detail/marker_detection__type_support_c.cpp.o
[  1%] Built target crazyflie_interfaces__rs
[ 37%] Building CXX object CMakeFiles/coshow_interfaces__rosidl_typesupport_fastrtps_cpp.dir/rosidl_typesupport_fastrtps_cpp/coshow_interfaces/msg/detail/dds_fastrtps/marker_detections__type_support.cpp.o
[ 40%] Building CXX object CMakeFiles/coshow_interfaces__rosidl_typesupport_cpp.dir/rosidl_typesupport_cpp/coshow_interfaces/msg/marker_detections__type_support.cpp.o
[ 42%] Building CXX object CMakeFiles/coshow_interfaces__rosidl_typesupport_introspection_cpp.dir/rosidl_typesupport_introspection_cpp/coshow_interfaces/msg/detail/marker_detections__type_support.cpp.o
[ 45%] Building CXX object CMakeFiles/coshow_interfaces__rosidl_typesupport_fastrtps_c.dir/rosidl_typesupport_fastrtps_c/coshow_interfaces/msg/detail/marker_detections__type_support_c.cpp.o
[ 47%] Linking CXX shared library libcoshow_interfaces__rosidl_typesupport_cpp.so
[ 50%] Linking CXX shared library libcoshow_interfaces__rosidl_typesupport_introspection_cpp.so
[ 50%] Built target coshow_interfaces__rosidl_typesupport_cpp
[ 52%] Generating C introspection for ROS interfaces
[ 55%] Linking CXX shared library libcoshow_interfaces__rosidl_typesupport_fastrtps_cpp.so
[ 55%] Built target coshow_interfaces__rosidl_typesupport_introspection_cpp
[ 57%] Built target coshow_interfaces__rosidl_typesupport_fastrtps_cpp
[ 57%] Generating C type support dispatch for ROS interfaces
[ 60%] Linking CXX shared library libcoshow_interfaces__rosidl_typesupport_fastrtps_c.so
[ 60%] Built target coshow_interfaces__rosidl_typesupport_fastrtps_c
[ 62%] Building C object CMakeFiles/coshow_interfaces__rosidl_typesupport_introspection_c.dir/rosidl_typesupport_introspection_c/coshow_interfaces/msg/detail/marker_detection__type_support.c.o
[ 65%] Building C object CMakeFiles/coshow_interfaces__rosidl_typesupport_introspection_c.dir/rosidl_typesupport_introspection_c/coshow_interfaces/msg/detail/marker_detections__type_support.c.o
[ 67%] Linking C shared library libcoshow_interfaces__rosidl_typesupport_introspection_c.so
[ 70%] Building CXX object CMakeFiles/coshow_interfaces__rosidl_typesupport_c.dir/rosidl_typesupport_c/coshow_interfaces/msg/marker_detection__type_support.cpp.o
[ 72%] Building CXX object CMakeFiles/coshow_interfaces__rosidl_typesupport_c.dir/rosidl_typesupport_c/coshow_interfaces/msg/marker_detections__type_support.cpp.o
[ 72%] Built target coshow_interfaces__rosidl_typesupport_introspection_c
[ 75%] Linking CXX shared library libcoshow_interfaces__rosidl_typesupport_c.so
[ 75%] Built target coshow_interfaces__rosidl_typesupport_c
[ 75%] Built target coshow_interfaces
[ 77%] Generating Python code for ROS interfaces
[  1%] Building C object CMakeFiles/crazyflie_interfaces__rosidl_generator_c.dir/rosidl_generator_c/crazyflie_interfaces/msg/detail/connection_statistics_array__functions.c.o
[  2%] Building C object CMakeFiles/crazyflie_interfaces__rosidl_generator_c.dir/rosidl_generator_c/crazyflie_interfaces/msg/detail/connection_statistics__functions.c.o
[  3%] Building C object CMakeFiles/crazyflie_interfaces__rosidl_generator_c.dir/rosidl_generator_c/crazyflie_interfaces/msg/detail/full_state__functions.c.o
[  3%] Building C object CMakeFiles/crazyflie_interfaces__rosidl_generator_c.dir/rosidl_generator_c/crazyflie_interfaces/msg/detail/log_data_generic__functions.c.o
[  4%] Building C object CMakeFiles/crazyflie_interfaces__rosidl_generator_c.dir/rosidl_generator_c/crazyflie_interfaces/msg/detail/hover__functions.c.o
[  4%] Building C object CMakeFiles/crazyflie_interfaces__rosidl_generator_c.dir/rosidl_generator_c/crazyflie_interfaces/msg/detail/log_block__functions.c.o
[  5%] Building C object CMakeFiles/crazyflie_interfaces__rosidl_generator_c.dir/rosidl_generator_c/crazyflie_interfaces/msg/detail/position__functions.c.o
[  5%] Building C object CMakeFiles/crazyflie_interfaces__rosidl_generator_c.dir/rosidl_generator_c/crazyflie_interfaces/msg/detail/status__functions.c.o
[  6%] Building C object CMakeFiles/crazyflie_interfaces__rosidl_generator_c.dir/rosidl_generator_c/crazyflie_interfaces/msg/detail/trajectory_polynomial_piece__functions.c.o
[  6%] Building C object CMakeFiles/crazyflie_interfaces__rosidl_generator_c.dir/rosidl_generator_c/crazyflie_interfaces/msg/detail/velocity_world__functions.c.o
[  7%] Building C object CMakeFiles/crazyflie_interfaces__rosidl_generator_c.dir/rosidl_generator_c/crazyflie_interfaces/srv/detail/go_to__functions.c.o
[  7%] Building C object CMakeFiles/crazyflie_interfaces__rosidl_generator_c.dir/rosidl_generator_c/crazyflie_interfaces/srv/detail/land__functions.c.o
[  7%] Building C object CMakeFiles/crazyflie_interfaces__rosidl_generator_c.dir/rosidl_generator_c/crazyflie_interfaces/srv/detail/set_group_mask__functions.c.o
[  8%] Building C object CMakeFiles/crazyflie_interfaces__rosidl_generator_c.dir/rosidl_generator_c/crazyflie_interfaces/srv/detail/notify_setpoints_stop__functions.c.o
[  9%] Building C object CMakeFiles/crazyflie_interfaces__rosidl_generator_c.dir/rosidl_generator_c/crazyflie_interfaces/srv/detail/start_trajectory__functions.c.o
[  9%] Building C object CMakeFiles/crazyflie_interfaces__rosidl_generator_c.dir/rosidl_generator_c/crazyflie_interfaces/srv/detail/stop__functions.c.o
[ 10%] Building C object CMakeFiles/crazyflie_interfaces__rosidl_generator_c.dir/rosidl_generator_c/crazyflie_interfaces/srv/detail/takeoff__functions.c.o
[ 10%] Building C object CMakeFiles/crazyflie_interfaces__rosidl_generator_c.dir/rosidl_generator_c/crazyflie_interfaces/srv/detail/update_params__functions.c.o
[ 11%] Building C object CMakeFiles/crazyflie_interfaces__rosidl_generator_c.dir/rosidl_generator_c/crazyflie_interfaces/srv/detail/upload_trajectory__functions.c.o
[ 11%] Building C object CMakeFiles/crazyflie_interfaces__rosidl_generator_c.dir/rosidl_generator_c/crazyflie_interfaces/srv/detail/remove_logging__functions.c.o
[ 12%] Building C object CMakeFiles/crazyflie_interfaces__rosidl_generator_c.dir/rosidl_generator_c/crazyflie_interfaces/srv/detail/add_logging__functions.c.o
[ 12%] Building C object CMakeFiles/crazyflie_interfaces__rosidl_generator_c.dir/rosidl_generator_c/crazyflie_interfaces/srv/detail/arm__functions.c.o
[ 77%] Built target coshow_interfaces__py
[ 80%] Building C object CMakeFiles/coshow_interfaces__rosidl_generator_py.dir/rosidl_generator_py/coshow_interfaces/msg/_marker_detection_s.c.o
[ 82%] Building C object CMakeFiles/coshow_interfaces__rosidl_generator_py.dir/rosidl_generator_py/coshow_interfaces/msg/_marker_detections_s.c.o
[ 13%] Linking C shared library libcrazyflie_interfaces__rosidl_generator_c.so
[ 13%] Built target crazyflie_interfaces__rosidl_generator_c
[ 14%] Generating C type support for eProsima Fast-RTPS
[ 15%] Generating C introspection for ROS interfaces
[ 85%] Linking C shared library rosidl_generator_py/coshow_interfaces/libcoshow_interfaces__rosidl_generator_py.so
[ 16%] Generating C type support dispatch for ROS interfaces
[ 85%] Built target coshow_interfaces__rosidl_generator_py
[ 87%] Building C object CMakeFiles/coshow_interfaces__rosidl_typesupport_introspection_c__pyext.dir/rosidl_generator_py/coshow_interfaces/_coshow_interfaces_s.ep.rosidl_typesupport_introspection_c.c.o
[ 90%] Building C object CMakeFiles/coshow_interfaces__rosidl_typesupport_c__pyext.dir/rosidl_generator_py/coshow_interfaces/_coshow_interfaces_s.ep.rosidl_typesupport_c.c.o
[ 92%] Building C object CMakeFiles/coshow_interfaces__rosidl_typesupport_fastrtps_c__pyext.dir/rosidl_generator_py/coshow_interfaces/_coshow_interfaces_s.ep.rosidl_typesupport_fastrtps_c.c.o
[ 95%] Linking C shared library rosidl_generator_py/coshow_interfaces/coshow_interfaces_s__rosidl_typesupport_introspection_c.cpython-310-aarch64-linux-gnu.so
[ 97%] Linking C shared library rosidl_generator_py/coshow_interfaces/coshow_interfaces_s__rosidl_typesupport_c.cpython-310-aarch64-linux-gnu.so
[100%] Linking C shared library rosidl_generator_py/coshow_interfaces/coshow_interfaces_s__rosidl_typesupport_fastrtps_c.cpython-310-aarch64-linux-gnu.so
[100%] Built target coshow_interfaces__rosidl_typesupport_introspection_c__pyext
[100%] Built target coshow_interfaces__rosidl_typesupport_fastrtps_c__pyext
[100%] Built target coshow_interfaces__rosidl_typesupport_c__pyext
-- Install configuration: ""
-- Installing: /home/coshow/COSHOW/ros2_ws/install/share/ament_index/resource_index/rosidl_interfaces/coshow_interfaces
-- Installing: /home/coshow/COSHOW/ros2_ws/install/include/coshow_interfaces/coshow_interfaces
-- Installing: /home/coshow/COSHOW/ros2_ws/install/include/coshow_interfaces/coshow_interfaces/msg
-- Installing: /home/coshow/COSHOW/ros2_ws/install/include/coshow_interfaces/coshow_interfaces/msg/detail
-- Installing: /home/coshow/COSHOW/ros2_ws/install/include/coshow_interfaces/coshow_interfaces/msg/detail/marker_detection__functions.c
-- Installing: /home/coshow/COSHOW/ros2_ws/install/include/coshow_interfaces/coshow_interfaces/msg/detail/marker_detections__struct.h
-- Installing: /home/coshow/COSHOW/ros2_ws/install/include/coshow_interfaces/coshow_interfaces/msg/detail/marker_detections__functions.c
-- Installing: /home/coshow/COSHOW/ros2_ws/install/include/coshow_interfaces/coshow_interfaces/msg/detail/marker_detection__struct.h
-- Installing: /home/coshow/COSHOW/ros2_ws/install/include/coshow_interfaces/coshow_interfaces/msg/detail/marker_detection__functions.h
-- Installing: /home/coshow/COSHOW/ros2_ws/install/include/coshow_interfaces/coshow_interfaces/msg/detail/marker_detection__type_support.h
-- Installing: /home/coshow/COSHOW/ros2_ws/install/include/coshow_interfaces/coshow_interfaces/msg/detail/marker_detections__type_support.h
-- Installing: /home/coshow/COSHOW/ros2_ws/install/include/coshow_interfaces/coshow_interfaces/msg/detail/marker_detections__functions.h
-- Installing: /home/coshow/COSHOW/ros2_ws/install/include/coshow_interfaces/coshow_interfaces/msg/marker_detection.h
-- Installing: /home/coshow/COSHOW/ros2_ws/install/include/coshow_interfaces/coshow_interfaces/msg/rosidl_generator_c__visibility_control.h
-- Installing: /home/coshow/COSHOW/ros2_ws/install/include/coshow_interfaces/coshow_interfaces/msg/marker_detections.h
-- Installing: /home/coshow/COSHOW/ros2_ws/install/share/coshow_interfaces/environment/library_path.sh
-- Installing: /home/coshow/COSHOW/ros2_ws/install/share/coshow_interfaces/environment/library_path.dsv
-- Installing: /home/coshow/COSHOW/ros2_ws/install/lib/libcoshow_interfaces__rosidl_generator_c.so
-- Set runtime path of "/home/coshow/COSHOW/ros2_ws/install/lib/libcoshow_interfaces__rosidl_generator_c.so" to ""
-- Up-to-date: /home/coshow/COSHOW/ros2_ws/install/include/coshow_interfaces/coshow_interfaces
-- Up-to-date: /home/coshow/COSHOW/ros2_ws/install/include/coshow_interfaces/coshow_interfaces/msg
-- Up-to-date: /home/coshow/COSHOW/ros2_ws/install/include/coshow_interfaces/coshow_interfaces/msg/detail
-- Installing: /home/coshow/COSHOW/ros2_ws/install/include/coshow_interfaces/coshow_interfaces/msg/detail/marker_detections__rosidl_typesupport_fastrtps_c.h
-- Installing: /home/coshow/COSHOW/ros2_ws/install/include/coshow_interfaces/coshow_interfaces/msg/detail/marker_detection__rosidl_typesupport_fastrtps_c.h
-- Installing: /home/coshow/COSHOW/ros2_ws/install/include/coshow_interfaces/coshow_interfaces/msg/rosidl_typesupport_fastrtps_c__visibility_control.h
-- Installing: /home/coshow/COSHOW/ros2_ws/install/lib/libcoshow_interfaces__rosidl_typesupport_fastrtps_c.so
-- Set runtime path of "/home/coshow/COSHOW/ros2_ws/install/lib/libcoshow_interfaces__rosidl_typesupport_fastrtps_c.so" to ""
-- Up-to-date: /home/coshow/COSHOW/ros2_ws/install/include/coshow_interfaces/coshow_interfaces
-- Up-to-date: /home/coshow/COSHOW/ros2_ws/install/include/coshow_interfaces/coshow_interfaces/msg
-- Up-to-date: /home/coshow/COSHOW/ros2_ws/install/include/coshow_interfaces/coshow_interfaces/msg/detail
-- Installing: /home/coshow/COSHOW/ros2_ws/install/include/coshow_interfaces/coshow_interfaces/msg/detail/marker_detections__type_support.hpp
-- Installing: /home/coshow/COSHOW/ros2_ws/install/include/coshow_interfaces/coshow_interfaces/msg/detail/marker_detection__struct.hpp
-- Installing: /home/coshow/COSHOW/ros2_ws/install/include/coshow_interfaces/coshow_interfaces/msg/detail/marker_detection__type_support.hpp
-- Installing: /home/coshow/COSHOW/ros2_ws/install/include/coshow_interfaces/coshow_interfaces/msg/detail/marker_detections__builder.hpp
-- Installing: /home/coshow/COSHOW/ros2_ws/install/include/coshow_interfaces/coshow_interfaces/msg/detail/marker_detection__traits.hpp
-- Installing: /home/coshow/COSHOW/ros2_ws/install/include/coshow_interfaces/coshow_interfaces/msg/detail/marker_detections__traits.hpp
-- Installing: /home/coshow/COSHOW/ros2_ws/install/include/coshow_interfaces/coshow_interfaces/msg/detail/marker_detections__struct.hpp
-- Installing: /home/coshow/COSHOW/ros2_ws/install/include/coshow_interfaces/coshow_interfaces/msg/detail/marker_detection__builder.hpp
-- Installing: /home/coshow/COSHOW/ros2_ws/install/include/coshow_interfaces/coshow_interfaces/msg/marker_detections.hpp
-- Installing: /home/coshow/COSHOW/ros2_ws/install/include/coshow_interfaces/coshow_interfaces/msg/marker_detection.hpp
-- Installing: /home/coshow/COSHOW/ros2_ws/install/include/coshow_interfaces/coshow_interfaces/msg/rosidl_generator_cpp__visibility_control.hpp
-- Up-to-date: /home/coshow/COSHOW/ros2_ws/install/include/coshow_interfaces/coshow_interfaces
-- Up-to-date: /home/coshow/COSHOW/ros2_ws/install/include/coshow_interfaces/coshow_interfaces/msg
-- Up-to-date: /home/coshow/COSHOW/ros2_ws/install/include/coshow_interfaces/coshow_interfaces/msg/detail
-- Installing: /home/coshow/COSHOW/ros2_ws/install/include/coshow_interfaces/coshow_interfaces/msg/detail/marker_detection__rosidl_typesupport_fastrtps_cpp.hpp
-- Installing: /home/coshow/COSHOW/ros2_ws/install/include/coshow_interfaces/coshow_interfaces/msg/detail/dds_fastrtps
-- Installing: /home/coshow/COSHOW/ros2_ws/install/include/coshow_interfaces/coshow_interfaces/msg/detail/marker_detections__rosidl_typesupport_fastrtps_cpp.hpp
-- Installing: /home/coshow/COSHOW/ros2_ws/install/include/coshow_interfaces/coshow_interfaces/msg/rosidl_typesupport_fastrtps_cpp__visibility_control.h
-- Installing: /home/coshow/COSHOW/ros2_ws/install/lib/libcoshow_interfaces__rosidl_typesupport_fastrtps_cpp.so
-- Set runtime path of "/home/coshow/COSHOW/ros2_ws/install/lib/libcoshow_interfaces__rosidl_typesupport_fastrtps_cpp.so" to ""
-- Up-to-date: /home/coshow/COSHOW/ros2_ws/install/include/coshow_interfaces/coshow_interfaces
-- Up-to-date: /home/coshow/COSHOW/ros2_ws/install/include/coshow_interfaces/coshow_interfaces/msg
-- Up-to-date: /home/coshow/COSHOW/ros2_ws/install/include/coshow_interfaces/coshow_interfaces/msg/detail
-- Installing: /home/coshow/COSHOW/ros2_ws/install/include/coshow_interfaces/coshow_interfaces/msg/detail/marker_detection__rosidl_typesupport_introspection_c.h
-- Installing: /home/coshow/COSHOW/ros2_ws/install/include/coshow_interfaces/coshow_interfaces/msg/detail/marker_detection__type_support.c
-- Installing: /home/coshow/COSHOW/ros2_ws/install/include/coshow_interfaces/coshow_interfaces/msg/detail/marker_detections__type_support.c
-- Installing: /home/coshow/COSHOW/ros2_ws/install/include/coshow_interfaces/coshow_interfaces/msg/detail/marker_detections__rosidl_typesupport_introspection_c.h
-- Installing: /home/coshow/COSHOW/ros2_ws/install/include/coshow_interfaces/coshow_interfaces/msg/rosidl_typesupport_introspection_c__visibility_control.h
-- Installing: /home/coshow/COSHOW/ros2_ws/install/lib/libcoshow_interfaces__rosidl_typesupport_introspection_c.so
-- Set runtime path of "/home/coshow/COSHOW/ros2_ws/install/lib/libcoshow_interfaces__rosidl_typesupport_introspection_c.so" to ""
-- Installing: /home/coshow/COSHOW/ros2_ws/install/lib/libcoshow_interfaces__rosidl_typesupport_c.so
-- Set runtime path of "/home/coshow/COSHOW/ros2_ws/install/lib/libcoshow_interfaces__rosidl_typesupport_c.so" to ""
-- Up-to-date: /home/coshow/COSHOW/ros2_ws/install/include/coshow_interfaces/coshow_interfaces
-- Up-to-date: /home/coshow/COSHOW/ros2_ws/install/include/coshow_interfaces/coshow_interfaces/msg
-- Up-to-date: /home/coshow/COSHOW/ros2_ws/install/include/coshow_interfaces/coshow_interfaces/msg/detail
-- Installing: /home/coshow/COSHOW/ros2_ws/install/include/coshow_interfaces/coshow_interfaces/msg/detail/marker_detection__type_support.cpp
-- Installing: /home/coshow/COSHOW/ros2_ws/install/include/coshow_interfaces/coshow_interfaces/msg/detail/marker_detection__rosidl_typesupport_introspection_cpp.hpp
-- Installing: /home/coshow/COSHOW/ros2_ws/install/include/coshow_interfaces/coshow_interfaces/msg/detail/marker_detections__rosidl_typesupport_introspection_cpp.hpp
-- Installing: /home/coshow/COSHOW/ros2_ws/install/include/coshow_interfaces/coshow_interfaces/msg/detail/marker_detections__type_support.cpp
-- Installing: /home/coshow/COSHOW/ros2_ws/install/lib/libcoshow_interfaces__rosidl_typesupport_introspection_cpp.so
-- Set runtime path of "/home/coshow/COSHOW/ros2_ws/install/lib/libcoshow_interfaces__rosidl_typesupport_introspection_cpp.so" to ""
-- Installing: /home/coshow/COSHOW/ros2_ws/install/lib/libcoshow_interfaces__rosidl_typesupport_cpp.so
-- Set runtime path of "/home/coshow/COSHOW/ros2_ws/install/lib/libcoshow_interfaces__rosidl_typesupport_cpp.so" to ""
-- Installing: /home/coshow/COSHOW/ros2_ws/install/share/coshow_interfaces/environment/pythonpath.sh
-- Installing: /home/coshow/COSHOW/ros2_ws/install/share/coshow_interfaces/environment/pythonpath.dsv
-- Installing: /home/coshow/COSHOW/ros2_ws/install/local/lib/python3.10/dist-packages/coshow_interfaces-0.0.0-py3.10.egg-info
-- Installing: /home/coshow/COSHOW/ros2_ws/install/local/lib/python3.10/dist-packages/coshow_interfaces-0.0.0-py3.10.egg-info/SOURCES.txt
-- Installing: /home/coshow/COSHOW/ros2_ws/install/local/lib/python3.10/dist-packages/coshow_interfaces-0.0.0-py3.10.egg-info/dependency_links.txt
-- Installing: /home/coshow/COSHOW/ros2_ws/install/local/lib/python3.10/dist-packages/coshow_interfaces-0.0.0-py3.10.egg-info/top_level.txt
-- Installing: /home/coshow/COSHOW/ros2_ws/install/local/lib/python3.10/dist-packages/coshow_interfaces-0.0.0-py3.10.egg-info/PKG-INFO
-- Installing: /home/coshow/COSHOW/ros2_ws/install/local/lib/python3.10/dist-packages/coshow_interfaces
-- Installing: /home/coshow/COSHOW/ros2_ws/install/local/lib/python3.10/dist-packages/coshow_interfaces/coshow_interfaces_s__rosidl_typesupport_fastrtps_c.cpython-310-aarch64-linux-gnu.so
-- Installing: /home/coshow/COSHOW/ros2_ws/install/local/lib/python3.10/dist-packages/coshow_interfaces/msg
-- Installing: /home/coshow/COSHOW/ros2_ws/install/local/lib/python3.10/dist-packages/coshow_interfaces/msg/_marker_detection_s.c
-- Installing: /home/coshow/COSHOW/ros2_ws/install/local/lib/python3.10/dist-packages/coshow_interfaces/msg/_marker_detections_s.c
-- Installing: /home/coshow/COSHOW/ros2_ws/install/local/lib/python3.10/dist-packages/coshow_interfaces/msg/_marker_detections.py
-- Installing: /home/coshow/COSHOW/ros2_ws/install/local/lib/python3.10/dist-packages/coshow_interfaces/msg/__init__.py
-- Installing: /home/coshow/COSHOW/ros2_ws/install/local/lib/python3.10/dist-packages/coshow_interfaces/msg/_marker_detection.py
-- Installing: /home/coshow/COSHOW/ros2_ws/install/local/lib/python3.10/dist-packages/coshow_interfaces/libcoshow_interfaces__rosidl_generator_py.so
-- Installing: /home/coshow/COSHOW/ros2_ws/install/local/lib/python3.10/dist-packages/coshow_interfaces/coshow_interfaces_s__rosidl_typesupport_introspection_c.cpython-310-aarch64-linux-gnu.so
-- Installing: /home/coshow/COSHOW/ros2_ws/install/local/lib/python3.10/dist-packages/coshow_interfaces/_coshow_interfaces_s.ep.rosidl_typesupport_introspection_c.c
-- Installing: /home/coshow/COSHOW/ros2_ws/install/local/lib/python3.10/dist-packages/coshow_interfaces/_coshow_interfaces_s.ep.rosidl_typesupport_fastrtps_c.c
-- Installing: /home/coshow/COSHOW/ros2_ws/install/local/lib/python3.10/dist-packages/coshow_interfaces/_coshow_interfaces_s.ep.rosidl_typesupport_c.c
-- Installing: /home/coshow/COSHOW/ros2_ws/install/local/lib/python3.10/dist-packages/coshow_interfaces/__init__.py
-- Installing: /home/coshow/COSHOW/ros2_ws/install/local/lib/python3.10/dist-packages/coshow_interfaces/coshow_interfaces_s__rosidl_typesupport_c.cpython-310-aarch64-linux-gnu.so
Listing '/home/coshow/COSHOW/ros2_ws/install/local/lib/python3.10/dist-packages/coshow_interfaces'...
Compiling '/home/coshow/COSHOW/ros2_ws/install/local/lib/python3.10/dist-packages/coshow_interfaces/__init__.py'...
Listing '/home/coshow/COSHOW/ros2_ws/install/local/lib/python3.10/dist-packages/coshow_interfaces/msg'...
Compiling '/home/coshow/COSHOW/ros2_ws/install/local/lib/python3.10/dist-packages/coshow_interfaces/msg/__init__.py'...
Compiling '/home/coshow/COSHOW/ros2_ws/install/local/lib/python3.10/dist-packages/coshow_interfaces/msg/_marker_detection.py'...
Compiling '/home/coshow/COSHOW/ros2_ws/install/local/lib/python3.10/dist-packages/coshow_interfaces/msg/_marker_detections.py'...
-- Installing: /home/coshow/COSHOW/ros2_ws/install/local/lib/python3.10/dist-packages/coshow_interfaces/coshow_interfaces_s__rosidl_typesupport_fastrtps_c.cpython-310-aarch64-linux-gnu.so
-- Set runtime path of "/home/coshow/COSHOW/ros2_ws/install/local/lib/python3.10/dist-packages/coshow_interfaces/coshow_interfaces_s__rosidl_typesupport_fastrtps_c.cpython-310-aarch64-linux-gnu.so" to ""
-- Installing: /home/coshow/COSHOW/ros2_ws/install/local/lib/python3.10/dist-packages/coshow_interfaces/coshow_interfaces_s__rosidl_typesupport_introspection_c.cpython-310-aarch64-linux-gnu.so
-- Set runtime path of "/home/coshow/COSHOW/ros2_ws/install/local/lib/python3.10/dist-packages/coshow_interfaces/coshow_interfaces_s__rosidl_typesupport_introspection_c.cpython-310-aarch64-linux-gnu.so" to ""
-- Installing: /home/coshow/COSHOW/ros2_ws/install/local/lib/python3.10/dist-packages/coshow_interfaces/coshow_interfaces_s__rosidl_typesupport_c.cpython-310-aarch64-linux-gnu.so
-- Set runtime path of "/home/coshow/COSHOW/ros2_ws/install/local/lib/python3.10/dist-packages/coshow_interfaces/coshow_interfaces_s__rosidl_typesupport_c.cpython-310-aarch64-linux-gnu.so" to ""
-- Installing: /home/coshow/COSHOW/ros2_ws/install/lib/libcoshow_interfaces__rosidl_generator_py.so
-- Set runtime path of "/home/coshow/COSHOW/ros2_ws/install/lib/libcoshow_interfaces__rosidl_generator_py.so" to ""
-- Installing: /home/coshow/COSHOW/ros2_ws/install/share/ament_index/resource_index/rust_packages/coshow_interfaces
-- Installing: /home/coshow/COSHOW/ros2_ws/install/share/coshow_interfaces/rust
-- Installing: /home/coshow/COSHOW/ros2_ws/install/share/coshow_interfaces/rust/build.rs
-- Installing: /home/coshow/COSHOW/ros2_ws/install/share/coshow_interfaces/rust/Cargo.toml
-- Installing: /home/coshow/COSHOW/ros2_ws/install/share/coshow_interfaces/rust/src
-- Installing: /home/coshow/COSHOW/ros2_ws/install/share/coshow_interfaces/rust/src/msg
-- Installing: /home/coshow/COSHOW/ros2_ws/install/share/coshow_interfaces/rust/src/msg/rmw.rs
-- Installing: /home/coshow/COSHOW/ros2_ws/install/share/coshow_interfaces/rust/src/lib.rs
-- Installing: /home/coshow/COSHOW/ros2_ws/install/share/coshow_interfaces/rust/src/msg.rs
-- Installing: /home/coshow/COSHOW/ros2_ws/install/share/coshow_interfaces/msg/MarkerDetection.idl
-- Installing: /home/coshow/COSHOW/ros2_ws/install/share/coshow_interfaces/msg/MarkerDetections.idl
-- Installing: /home/coshow/COSHOW/ros2_ws/install/share/coshow_interfaces/msg/MarkerDetection.msg
-- Installing: /home/coshow/COSHOW/ros2_ws/install/share/coshow_interfaces/msg/MarkerDetections.msg
-- Installing: /home/coshow/COSHOW/ros2_ws/install/share/ament_index/resource_index/package_run_dependencies/coshow_interfaces
-- Installing: /home/coshow/COSHOW/ros2_ws/install/share/ament_index/resource_index/parent_prefix_path/coshow_interfaces
-- Installing: /home/coshow/COSHOW/ros2_ws/install/share/coshow_interfaces/environment/ament_prefix_path.sh
-- Installing: /home/coshow/COSHOW/ros2_ws/install/share/coshow_interfaces/environment/ament_prefix_path.dsv
-- Installing: /home/coshow/COSHOW/ros2_ws/install/share/coshow_interfaces/environment/path.sh
-- Installing: /home/coshow/COSHOW/ros2_ws/install/share/coshow_interfaces/environment/path.dsv
-- Installing: /home/coshow/COSHOW/ros2_ws/install/share/coshow_interfaces/local_setup.bash
-- Installing: /home/coshow/COSHOW/ros2_ws/install/share/coshow_interfaces/local_setup.sh
-- Installing: /home/coshow/COSHOW/ros2_ws/install/share/coshow_interfaces/local_setup.zsh
[ 16%] Built target crazyflie_interfaces__cpp
-- Installing: /home/coshow/COSHOW/ros2_ws/install/share/coshow_interfaces/local_setup.dsv
-- Installing: /home/coshow/COSHOW/ros2_ws/install/share/coshow_interfaces/package.dsv
-- Installing: /home/coshow/COSHOW/ros2_ws/install/share/ament_index/resource_index/packages/coshow_interfaces
-- Installing: /home/coshow/COSHOW/ros2_ws/install/share/coshow_interfaces/cmake/export_coshow_interfaces__rosidl_generator_cExport.cmake
-- Installing: /home/coshow/COSHOW/ros2_ws/install/share/coshow_interfaces/cmake/export_coshow_interfaces__rosidl_generator_cExport-noconfig.cmake
-- Installing: /home/coshow/COSHOW/ros2_ws/install/share/coshow_interfaces/cmake/export_coshow_interfaces__rosidl_typesupport_fastrtps_cExport.cmake
-- Installing: /home/coshow/COSHOW/ros2_ws/install/share/coshow_interfaces/cmake/export_coshow_interfaces__rosidl_typesupport_fastrtps_cExport-noconfig.cmake
-- Installing: /home/coshow/COSHOW/ros2_ws/install/share/coshow_interfaces/cmake/export_coshow_interfaces__rosidl_generator_cppExport.cmake
-- Installing: /home/coshow/COSHOW/ros2_ws/install/share/coshow_interfaces/cmake/export_coshow_interfaces__rosidl_typesupport_fastrtps_cppExport.cmake
-- Installing: /home/coshow/COSHOW/ros2_ws/install/share/coshow_interfaces/cmake/export_coshow_interfaces__rosidl_typesupport_fastrtps_cppExport-noconfig.cmake
-- Installing: /home/coshow/COSHOW/ros2_ws/install/share/coshow_interfaces/cmake/coshow_interfaces__rosidl_typesupport_introspection_cExport.cmake
-- Installing: /home/coshow/COSHOW/ros2_ws/install/share/coshow_interfaces/cmake/coshow_interfaces__rosidl_typesupport_introspection_cExport-noconfig.cmake
-- Installing: /home/coshow/COSHOW/ros2_ws/install/share/coshow_interfaces/cmake/coshow_interfaces__rosidl_typesupport_cExport.cmake
-- Installing: /home/coshow/COSHOW/ros2_ws/install/share/coshow_interfaces/cmake/coshow_interfaces__rosidl_typesupport_cExport-noconfig.cmake
-- Installing: /home/coshow/COSHOW/ros2_ws/install/share/coshow_interfaces/cmake/coshow_interfaces__rosidl_typesupport_introspection_cppExport.cmake
-- Installing: /home/coshow/COSHOW/ros2_ws/install/share/coshow_interfaces/cmake/coshow_interfaces__rosidl_typesupport_introspection_cppExport-noconfig.cmake
-- Installing: /home/coshow/COSHOW/ros2_ws/install/share/coshow_interfaces/cmake/coshow_interfaces__rosidl_typesupport_cppExport.cmake
-- Installing: /home/coshow/COSHOW/ros2_ws/install/share/coshow_interfaces/cmake/coshow_interfaces__rosidl_typesupport_cppExport-noconfig.cmake
-- Installing: /home/coshow/COSHOW/ros2_ws/install/share/coshow_interfaces/cmake/export_coshow_interfaces__rosidl_generator_pyExport.cmake
-- Installing: /home/coshow/COSHOW/ros2_ws/install/share/coshow_interfaces/cmake/export_coshow_interfaces__rosidl_generator_pyExport-noconfig.cmake
-- Installing: /home/coshow/COSHOW/ros2_ws/install/share/coshow_interfaces/cmake/rosidl_cmake-extras.cmake
-- Installing: /home/coshow/COSHOW/ros2_ws/install/share/coshow_interfaces/cmake/ament_cmake_export_dependencies-extras.cmake
-- Installing: /home/coshow/COSHOW/ros2_ws/install/share/coshow_interfaces/cmake/ament_cmake_export_include_directories-extras.cmake
-- Installing: /home/coshow/COSHOW/ros2_ws/install/share/coshow_interfaces/cmake/ament_cmake_export_libraries-extras.cmake
-- Installing: /home/coshow/COSHOW/ros2_ws/install/share/coshow_interfaces/cmake/ament_cmake_export_targets-extras.cmake
-- Installing: /home/coshow/COSHOW/ros2_ws/install/share/coshow_interfaces/cmake/rosidl_cmake_export_typesupport_targets-extras.cmake
-- Installing: /home/coshow/COSHOW/ros2_ws/install/share/coshow_interfaces/cmake/rosidl_cmake_export_typesupport_libraries-extras.cmake
-- Installing: /home/coshow/COSHOW/ros2_ws/install/share/coshow_interfaces/cmake/rosidl_cmake_aggregate_target-extras.cmake
-- Installing: /home/coshow/COSHOW/ros2_ws/install/share/coshow_interfaces/cmake/coshow_interfacesConfig.cmake
-- Installing: /home/coshow/COSHOW/ros2_ws/install/share/coshow_interfaces/cmake/coshow_interfacesConfig-version.cmake
-- Installing: /home/coshow/COSHOW/ros2_ws/install/share/coshow_interfaces/package.xml
Finished <<< coshow_interfaces [2.55s]
[ 17%] Generating C++ type support for eProsima Fast-RTPS
[ 17%] Building CXX object CMakeFiles/crazyflie_interfaces__rosidl_typesupport_c.dir/rosidl_typesupport_c/crazyflie_interfaces/msg/connection_statistics__type_support.cpp.o
[ 18%] Building CXX object CMakeFiles/crazyflie_interfaces__rosidl_typesupport_c.dir/rosidl_typesupport_c/crazyflie_interfaces/msg/connection_statistics_array__type_support.cpp.o
[ 18%] Building CXX object CMakeFiles/crazyflie_interfaces__rosidl_typesupport_c.dir/rosidl_typesupport_c/crazyflie_interfaces/msg/full_state__type_support.cpp.o
[ 19%] Building CXX object CMakeFiles/crazyflie_interfaces__rosidl_typesupport_c.dir/rosidl_typesupport_c/crazyflie_interfaces/msg/log_data_generic__type_support.cpp.o
[ 19%] Building CXX object CMakeFiles/crazyflie_interfaces__rosidl_typesupport_c.dir/rosidl_typesupport_c/crazyflie_interfaces/msg/hover__type_support.cpp.o
[ 20%] Building CXX object CMakeFiles/crazyflie_interfaces__rosidl_typesupport_c.dir/rosidl_typesupport_c/crazyflie_interfaces/msg/log_block__type_support.cpp.o
[ 20%] Building CXX object CMakeFiles/crazyflie_interfaces__rosidl_typesupport_c.dir/rosidl_typesupport_c/crazyflie_interfaces/msg/position__type_support.cpp.o
[ 21%] Building CXX object CMakeFiles/crazyflie_interfaces__rosidl_typesupport_c.dir/rosidl_typesupport_c/crazyflie_interfaces/msg/status__type_support.cpp.o
[ 21%] Building CXX object CMakeFiles/crazyflie_interfaces__rosidl_typesupport_c.dir/rosidl_typesupport_c/crazyflie_interfaces/msg/trajectory_polynomial_piece__type_support.cpp.o
[ 22%] Building CXX object CMakeFiles/crazyflie_interfaces__rosidl_typesupport_c.dir/rosidl_typesupport_c/crazyflie_interfaces/msg/velocity_world__type_support.cpp.o
[ 22%] Building CXX object CMakeFiles/crazyflie_interfaces__rosidl_typesupport_c.dir/rosidl_typesupport_c/crazyflie_interfaces/srv/go_to__type_support.cpp.o
[ 23%] Building CXX object CMakeFiles/crazyflie_interfaces__rosidl_typesupport_c.dir/rosidl_typesupport_c/crazyflie_interfaces/srv/land__type_support.cpp.o
[ 23%] Building CXX object CMakeFiles/crazyflie_interfaces__rosidl_typesupport_c.dir/rosidl_typesupport_c/crazyflie_interfaces/srv/notify_setpoints_stop__type_support.cpp.o
[ 24%] Building CXX object CMakeFiles/crazyflie_interfaces__rosidl_typesupport_c.dir/rosidl_typesupport_c/crazyflie_interfaces/srv/set_group_mask__type_support.cpp.o
[ 24%] Building CXX object CMakeFiles/crazyflie_interfaces__rosidl_typesupport_c.dir/rosidl_typesupport_c/crazyflie_interfaces/srv/start_trajectory__type_support.cpp.o
[ 25%] Building CXX object CMakeFiles/crazyflie_interfaces__rosidl_typesupport_c.dir/rosidl_typesupport_c/crazyflie_interfaces/srv/stop__type_support.cpp.o
[ 25%] Building CXX object CMakeFiles/crazyflie_interfaces__rosidl_typesupport_c.dir/rosidl_typesupport_c/crazyflie_interfaces/srv/takeoff__type_support.cpp.o
[ 26%] Building CXX object CMakeFiles/crazyflie_interfaces__rosidl_typesupport_c.dir/rosidl_typesupport_c/crazyflie_interfaces/srv/update_params__type_support.cpp.o
[ 26%] Building CXX object CMakeFiles/crazyflie_interfaces__rosidl_typesupport_c.dir/rosidl_typesupport_c/crazyflie_interfaces/srv/upload_trajectory__type_support.cpp.o
[ 27%] Building CXX object CMakeFiles/crazyflie_interfaces__rosidl_typesupport_c.dir/rosidl_typesupport_c/crazyflie_interfaces/srv/remove_logging__type_support.cpp.o
[ 27%] Building CXX object CMakeFiles/crazyflie_interfaces__rosidl_typesupport_c.dir/rosidl_typesupport_c/crazyflie_interfaces/srv/add_logging__type_support.cpp.o
[ 28%] Building CXX object CMakeFiles/crazyflie_interfaces__rosidl_typesupport_c.dir/rosidl_typesupport_c/crazyflie_interfaces/srv/arm__type_support.cpp.o
[ 28%] Linking CXX shared library libcrazyflie_interfaces__rosidl_typesupport_c.so
[ 28%] Building C object CMakeFiles/crazyflie_interfaces__rosidl_typesupport_introspection_c.dir/rosidl_typesupport_introspection_c/crazyflie_interfaces/msg/detail/connection_statistics__type_support.c.o
[ 28%] Built target crazyflie_interfaces__rosidl_typesupport_c
[ 29%] Building C object CMakeFiles/crazyflie_interfaces__rosidl_typesupport_introspection_c.dir/rosidl_typesupport_introspection_c/crazyflie_interfaces/msg/detail/connection_statistics_array__type_support.c.o
[ 30%] Generating C++ introspection for ROS interfaces
[ 30%] Building C object CMakeFiles/crazyflie_interfaces__rosidl_typesupport_introspection_c.dir/rosidl_typesupport_introspection_c/crazyflie_interfaces/msg/detail/full_state__type_support.c.o
[ 31%] Building C object CMakeFiles/crazyflie_interfaces__rosidl_typesupport_introspection_c.dir/rosidl_typesupport_introspection_c/crazyflie_interfaces/msg/detail/log_data_generic__type_support.c.o
[ 31%] Building C object CMakeFiles/crazyflie_interfaces__rosidl_typesupport_introspection_c.dir/rosidl_typesupport_introspection_c/crazyflie_interfaces/msg/detail/hover__type_support.c.o
[ 31%] Building CXX object CMakeFiles/crazyflie_interfaces__rosidl_typesupport_fastrtps_c.dir/rosidl_typesupport_fastrtps_c/crazyflie_interfaces/msg/detail/connection_statistics__type_support_c.cpp.o
[ 32%] Building C object CMakeFiles/crazyflie_interfaces__rosidl_typesupport_introspection_c.dir/rosidl_typesupport_introspection_c/crazyflie_interfaces/msg/detail/log_block__type_support.c.o
[ 32%] Building C object CMakeFiles/crazyflie_interfaces__rosidl_typesupport_introspection_c.dir/rosidl_typesupport_introspection_c/crazyflie_interfaces/msg/detail/position__type_support.c.o
[ 33%] Building C object CMakeFiles/crazyflie_interfaces__rosidl_typesupport_introspection_c.dir/rosidl_typesupport_introspection_c/crazyflie_interfaces/msg/detail/status__type_support.c.o
[ 33%] Building C object CMakeFiles/crazyflie_interfaces__rosidl_typesupport_introspection_c.dir/rosidl_typesupport_introspection_c/crazyflie_interfaces/msg/detail/trajectory_polynomial_piece__type_support.c.o
[ 34%] Building C object CMakeFiles/crazyflie_interfaces__rosidl_typesupport_introspection_c.dir/rosidl_typesupport_introspection_c/crazyflie_interfaces/msg/detail/velocity_world__type_support.c.o
[ 34%] Building C object CMakeFiles/crazyflie_interfaces__rosidl_typesupport_introspection_c.dir/rosidl_typesupport_introspection_c/crazyflie_interfaces/srv/detail/go_to__type_support.c.o
[ 35%] Building C object CMakeFiles/crazyflie_interfaces__rosidl_typesupport_introspection_c.dir/rosidl_typesupport_introspection_c/crazyflie_interfaces/srv/detail/land__type_support.c.o
[ 35%] Building C object CMakeFiles/crazyflie_interfaces__rosidl_typesupport_introspection_c.dir/rosidl_typesupport_introspection_c/crazyflie_interfaces/srv/detail/notify_setpoints_stop__type_support.c.o
[ 36%] Building C object CMakeFiles/crazyflie_interfaces__rosidl_typesupport_introspection_c.dir/rosidl_typesupport_introspection_c/crazyflie_interfaces/srv/detail/set_group_mask__type_support.c.o
[ 36%] Building C object CMakeFiles/crazyflie_interfaces__rosidl_typesupport_introspection_c.dir/rosidl_typesupport_introspection_c/crazyflie_interfaces/srv/detail/start_trajectory__type_support.c.o
[ 36%] Building CXX object CMakeFiles/crazyflie_interfaces__rosidl_typesupport_fastrtps_cpp.dir/rosidl_typesupport_fastrtps_cpp/crazyflie_interfaces/msg/detail/dds_fastrtps/connection_statistics__type_support.cpp.o
[ 38%] Building CXX object CMakeFiles/crazyflie_interfaces__rosidl_typesupport_fastrtps_c.dir/rosidl_typesupport_fastrtps_c/crazyflie_interfaces/msg/detail/connection_statistics_array__type_support_c.cpp.o
[ 38%] Building C object CMakeFiles/crazyflie_interfaces__rosidl_typesupport_introspection_c.dir/rosidl_typesupport_introspection_c/crazyflie_interfaces/srv/detail/stop__type_support.c.o
[ 38%] Building C object CMakeFiles/crazyflie_interfaces__rosidl_typesupport_introspection_c.dir/rosidl_typesupport_introspection_c/crazyflie_interfaces/srv/detail/takeoff__type_support.c.o
[ 39%] Building C object CMakeFiles/crazyflie_interfaces__rosidl_typesupport_introspection_c.dir/rosidl_typesupport_introspection_c/crazyflie_interfaces/srv/detail/update_params__type_support.c.o
[ 39%] Building C object CMakeFiles/crazyflie_interfaces__rosidl_typesupport_introspection_c.dir/rosidl_typesupport_introspection_c/crazyflie_interfaces/srv/detail/upload_trajectory__type_support.c.o
[ 40%] Building C object CMakeFiles/crazyflie_interfaces__rosidl_typesupport_introspection_c.dir/rosidl_typesupport_introspection_c/crazyflie_interfaces/srv/detail/remove_logging__type_support.c.o
[ 40%] Building C object CMakeFiles/crazyflie_interfaces__rosidl_typesupport_introspection_c.dir/rosidl_typesupport_introspection_c/crazyflie_interfaces/srv/detail/add_logging__type_support.c.o
[ 41%] Building C object CMakeFiles/crazyflie_interfaces__rosidl_typesupport_introspection_c.dir/rosidl_typesupport_introspection_c/crazyflie_interfaces/srv/detail/arm__type_support.c.o
[ 41%] Linking C shared library libcrazyflie_interfaces__rosidl_typesupport_introspection_c.so
[ 41%] Built target crazyflie_interfaces__rosidl_typesupport_introspection_c
[ 42%] Generating C++ type support dispatch for ROS interfaces
[ 43%] Building CXX object CMakeFiles/crazyflie_interfaces__rosidl_typesupport_fastrtps_cpp.dir/rosidl_typesupport_fastrtps_cpp/crazyflie_interfaces/msg/detail/dds_fastrtps/connection_statistics_array__type_support.cpp.o
[ 43%] Building CXX object CMakeFiles/crazyflie_interfaces__rosidl_typesupport_fastrtps_c.dir/rosidl_typesupport_fastrtps_c/crazyflie_interfaces/msg/detail/full_state__type_support_c.cpp.o
[ 44%] Building CXX object CMakeFiles/crazyflie_interfaces__rosidl_typesupport_fastrtps_c.dir/rosidl_typesupport_fastrtps_c/crazyflie_interfaces/msg/detail/log_data_generic__type_support_c.cpp.o
[ 44%] Building CXX object CMakeFiles/crazyflie_interfaces__rosidl_typesupport_fastrtps_cpp.dir/rosidl_typesupport_fastrtps_cpp/crazyflie_interfaces/msg/detail/dds_fastrtps/full_state__type_support.cpp.o
[ 44%] Building CXX object CMakeFiles/crazyflie_interfaces__rosidl_typesupport_fastrtps_c.dir/rosidl_typesupport_fastrtps_c/crazyflie_interfaces/msg/detail/hover__type_support_c.cpp.o
[ 44%] Building CXX object CMakeFiles/crazyflie_interfaces__rosidl_typesupport_introspection_cpp.dir/rosidl_typesupport_introspection_cpp/crazyflie_interfaces/msg/detail/connection_statistics__type_support.cpp.o
[ 45%] Building CXX object CMakeFiles/crazyflie_interfaces__rosidl_typesupport_fastrtps_cpp.dir/rosidl_typesupport_fastrtps_cpp/crazyflie_interfaces/msg/detail/dds_fastrtps/log_data_generic__type_support.cpp.o
[ 46%] Building CXX object CMakeFiles/crazyflie_interfaces__rosidl_typesupport_fastrtps_c.dir/rosidl_typesupport_fastrtps_c/crazyflie_interfaces/msg/detail/log_block__type_support_c.cpp.o
[ 47%] Building CXX object CMakeFiles/crazyflie_interfaces__rosidl_typesupport_introspection_cpp.dir/rosidl_typesupport_introspection_cpp/crazyflie_interfaces/msg/detail/connection_statistics_array__type_support.cpp.o
[ 47%] Building CXX object CMakeFiles/crazyflie_interfaces__rosidl_typesupport_cpp.dir/rosidl_typesupport_cpp/crazyflie_interfaces/msg/connection_statistics__type_support.cpp.o
[ 47%] Building CXX object CMakeFiles/crazyflie_interfaces__rosidl_typesupport_fastrtps_cpp.dir/rosidl_typesupport_fastrtps_cpp/crazyflie_interfaces/msg/detail/dds_fastrtps/hover__type_support.cpp.o
[ 47%] Building CXX object CMakeFiles/crazyflie_interfaces__rosidl_typesupport_fastrtps_c.dir/rosidl_typesupport_fastrtps_c/crazyflie_interfaces/msg/detail/position__type_support_c.cpp.o
[ 48%] Building CXX object CMakeFiles/crazyflie_interfaces__rosidl_typesupport_cpp.dir/rosidl_typesupport_cpp/crazyflie_interfaces/msg/connection_statistics_array__type_support.cpp.o
[ 48%] Building CXX object CMakeFiles/crazyflie_interfaces__rosidl_typesupport_introspection_cpp.dir/rosidl_typesupport_introspection_cpp/crazyflie_interfaces/msg/detail/full_state__type_support.cpp.o
[ 49%] Building CXX object CMakeFiles/crazyflie_interfaces__rosidl_typesupport_fastrtps_cpp.dir/rosidl_typesupport_fastrtps_cpp/crazyflie_interfaces/msg/detail/dds_fastrtps/log_block__type_support.cpp.o
[ 50%] Building CXX object CMakeFiles/crazyflie_interfaces__rosidl_typesupport_fastrtps_c.dir/rosidl_typesupport_fastrtps_c/crazyflie_interfaces/msg/detail/status__type_support_c.cpp.o
[ 50%] Building CXX object CMakeFiles/crazyflie_interfaces__rosidl_typesupport_cpp.dir/rosidl_typesupport_cpp/crazyflie_interfaces/msg/full_state__type_support.cpp.o
[ 51%] Building CXX object CMakeFiles/crazyflie_interfaces__rosidl_typesupport_introspection_cpp.dir/rosidl_typesupport_introspection_cpp/crazyflie_interfaces/msg/detail/log_data_generic__type_support.cpp.o
[ 52%] Building CXX object CMakeFiles/crazyflie_interfaces__rosidl_typesupport_cpp.dir/rosidl_typesupport_cpp/crazyflie_interfaces/msg/log_data_generic__type_support.cpp.o
[ 52%] Building CXX object CMakeFiles/crazyflie_interfaces__rosidl_typesupport_fastrtps_c.dir/rosidl_typesupport_fastrtps_c/crazyflie_interfaces/msg/detail/trajectory_polynomial_piece__type_support_c.cpp.o
[ 52%] Building CXX object CMakeFiles/crazyflie_interfaces__rosidl_typesupport_fastrtps_cpp.dir/rosidl_typesupport_fastrtps_cpp/crazyflie_interfaces/msg/detail/dds_fastrtps/position__type_support.cpp.o
[ 52%] Building CXX object CMakeFiles/crazyflie_interfaces__rosidl_typesupport_introspection_cpp.dir/rosidl_typesupport_introspection_cpp/crazyflie_interfaces/msg/detail/hover__type_support.cpp.o
[ 52%] Building CXX object CMakeFiles/crazyflie_interfaces__rosidl_typesupport_cpp.dir/rosidl_typesupport_cpp/crazyflie_interfaces/msg/hover__type_support.cpp.o
[ 53%] Building CXX object CMakeFiles/crazyflie_interfaces__rosidl_typesupport_fastrtps_c.dir/rosidl_typesupport_fastrtps_c/crazyflie_interfaces/msg/detail/velocity_world__type_support_c.cpp.o
[ 54%] Building CXX object CMakeFiles/crazyflie_interfaces__rosidl_typesupport_fastrtps_cpp.dir/rosidl_typesupport_fastrtps_cpp/crazyflie_interfaces/msg/detail/dds_fastrtps/status__type_support.cpp.o
[ 55%] Building CXX object CMakeFiles/crazyflie_interfaces__rosidl_typesupport_cpp.dir/rosidl_typesupport_cpp/crazyflie_interfaces/msg/log_block__type_support.cpp.o
[ 56%] Building CXX object CMakeFiles/crazyflie_interfaces__rosidl_typesupport_introspection_cpp.dir/rosidl_typesupport_introspection_cpp/crazyflie_interfaces/msg/detail/log_block__type_support.cpp.o
[ 56%] Building CXX object CMakeFiles/crazyflie_interfaces__rosidl_typesupport_cpp.dir/rosidl_typesupport_cpp/crazyflie_interfaces/msg/position__type_support.cpp.o
[ 56%] Building CXX object CMakeFiles/crazyflie_interfaces__rosidl_typesupport_fastrtps_c.dir/rosidl_typesupport_fastrtps_c/crazyflie_interfaces/srv/detail/go_to__type_support_c.cpp.o
[ 56%] Building CXX object CMakeFiles/crazyflie_interfaces__rosidl_typesupport_fastrtps_cpp.dir/rosidl_typesupport_fastrtps_cpp/crazyflie_interfaces/msg/detail/dds_fastrtps/trajectory_polynomial_piece__type_support.cpp.o
[ 56%] Building CXX object CMakeFiles/crazyflie_interfaces__rosidl_typesupport_introspection_cpp.dir/rosidl_typesupport_introspection_cpp/crazyflie_interfaces/msg/detail/position__type_support.cpp.o
[ 57%] Building CXX object CMakeFiles/crazyflie_interfaces__rosidl_typesupport_cpp.dir/rosidl_typesupport_cpp/crazyflie_interfaces/msg/status__type_support.cpp.o
[ 58%] Building CXX object CMakeFiles/crazyflie_interfaces__rosidl_typesupport_fastrtps_c.dir/rosidl_typesupport_fastrtps_c/crazyflie_interfaces/srv/detail/land__type_support_c.cpp.o
[ 59%] Building CXX object CMakeFiles/crazyflie_interfaces__rosidl_typesupport_fastrtps_cpp.dir/rosidl_typesupport_fastrtps_cpp/crazyflie_interfaces/msg/detail/dds_fastrtps/velocity_world__type_support.cpp.o
[ 59%] Building CXX object CMakeFiles/crazyflie_interfaces__rosidl_typesupport_cpp.dir/rosidl_typesupport_cpp/crazyflie_interfaces/msg/trajectory_polynomial_piece__type_support.cpp.o
[ 60%] Building CXX object CMakeFiles/crazyflie_interfaces__rosidl_typesupport_introspection_cpp.dir/rosidl_typesupport_introspection_cpp/crazyflie_interfaces/msg/detail/status__type_support.cpp.o
[ 60%] Building CXX object CMakeFiles/crazyflie_interfaces__rosidl_typesupport_fastrtps_c.dir/rosidl_typesupport_fastrtps_c/crazyflie_interfaces/srv/detail/notify_setpoints_stop__type_support_c.cpp.o
[ 61%] Building CXX object CMakeFiles/crazyflie_interfaces__rosidl_typesupport_cpp.dir/rosidl_typesupport_cpp/crazyflie_interfaces/msg/velocity_world__type_support.cpp.o
[ 61%] Building CXX object CMakeFiles/crazyflie_interfaces__rosidl_typesupport_fastrtps_cpp.dir/rosidl_typesupport_fastrtps_cpp/crazyflie_interfaces/srv/detail/dds_fastrtps/go_to__type_support.cpp.o
[ 61%] Building CXX object CMakeFiles/crazyflie_interfaces__rosidl_typesupport_introspection_cpp.dir/rosidl_typesupport_introspection_cpp/crazyflie_interfaces/msg/detail/trajectory_polynomial_piece__type_support.cpp.o
[ 61%] Building CXX object CMakeFiles/crazyflie_interfaces__rosidl_typesupport_cpp.dir/rosidl_typesupport_cpp/crazyflie_interfaces/srv/go_to__type_support.cpp.o
[ 62%] Building CXX object CMakeFiles/crazyflie_interfaces__rosidl_typesupport_fastrtps_c.dir/rosidl_typesupport_fastrtps_c/crazyflie_interfaces/srv/detail/set_group_mask__type_support_c.cpp.o
[ 63%] Building CXX object CMakeFiles/crazyflie_interfaces__rosidl_typesupport_fastrtps_cpp.dir/rosidl_typesupport_fastrtps_cpp/crazyflie_interfaces/srv/detail/dds_fastrtps/land__type_support.cpp.o
[ 64%] Building CXX object CMakeFiles/crazyflie_interfaces__rosidl_typesupport_cpp.dir/rosidl_typesupport_cpp/crazyflie_interfaces/srv/land__type_support.cpp.o
[ 65%] Building CXX object CMakeFiles/crazyflie_interfaces__rosidl_typesupport_introspection_cpp.dir/rosidl_typesupport_introspection_cpp/crazyflie_interfaces/msg/detail/velocity_world__type_support.cpp.o
[ 65%] Building CXX object CMakeFiles/crazyflie_interfaces__rosidl_typesupport_fastrtps_c.dir/rosidl_typesupport_fastrtps_c/crazyflie_interfaces/srv/detail/start_trajectory__type_support_c.cpp.o
[ 65%] Building CXX object CMakeFiles/crazyflie_interfaces__rosidl_typesupport_cpp.dir/rosidl_typesupport_cpp/crazyflie_interfaces/srv/notify_setpoints_stop__type_support.cpp.o
[ 65%] Building CXX object CMakeFiles/crazyflie_interfaces__rosidl_typesupport_fastrtps_cpp.dir/rosidl_typesupport_fastrtps_cpp/crazyflie_interfaces/srv/detail/dds_fastrtps/notify_setpoints_stop__type_support.cpp.o
[ 65%] Building CXX object CMakeFiles/crazyflie_interfaces__rosidl_typesupport_introspection_cpp.dir/rosidl_typesupport_introspection_cpp/crazyflie_interfaces/srv/detail/go_to__type_support.cpp.o
[ 67%] Building CXX object CMakeFiles/crazyflie_interfaces__rosidl_typesupport_cpp.dir/rosidl_typesupport_cpp/crazyflie_interfaces/srv/set_group_mask__type_support.cpp.o
[ 66%] Building CXX object CMakeFiles/crazyflie_interfaces__rosidl_typesupport_fastrtps_c.dir/rosidl_typesupport_fastrtps_c/crazyflie_interfaces/srv/detail/stop__type_support_c.cpp.o
[ 68%] Building CXX object CMakeFiles/crazyflie_interfaces__rosidl_typesupport_fastrtps_cpp.dir/rosidl_typesupport_fastrtps_cpp/crazyflie_interfaces/srv/detail/dds_fastrtps/set_group_mask__type_support.cpp.o
[ 68%] Building CXX object CMakeFiles/crazyflie_interfaces__rosidl_typesupport_cpp.dir/rosidl_typesupport_cpp/crazyflie_interfaces/srv/start_trajectory__type_support.cpp.o
[ 69%] Building CXX object CMakeFiles/crazyflie_interfaces__rosidl_typesupport_introspection_cpp.dir/rosidl_typesupport_introspection_cpp/crazyflie_interfaces/srv/detail/land__type_support.cpp.o
[ 69%] Building CXX object CMakeFiles/crazyflie_interfaces__rosidl_typesupport_fastrtps_c.dir/rosidl_typesupport_fastrtps_c/crazyflie_interfaces/srv/detail/takeoff__type_support_c.cpp.o
[ 70%] Building CXX object CMakeFiles/crazyflie_interfaces__rosidl_typesupport_cpp.dir/rosidl_typesupport_cpp/crazyflie_interfaces/srv/stop__type_support.cpp.o
[ 70%] Building CXX object CMakeFiles/crazyflie_interfaces__rosidl_typesupport_fastrtps_cpp.dir/rosidl_typesupport_fastrtps_cpp/crazyflie_interfaces/srv/detail/dds_fastrtps/start_trajectory__type_support.cpp.o
[ 70%] Building CXX object CMakeFiles/crazyflie_interfaces__rosidl_typesupport_introspection_cpp.dir/rosidl_typesupport_introspection_cpp/crazyflie_interfaces/srv/detail/notify_setpoints_stop__type_support.cpp.o
[ 70%] Building CXX object CMakeFiles/crazyflie_interfaces__rosidl_typesupport_cpp.dir/rosidl_typesupport_cpp/crazyflie_interfaces/srv/takeoff__type_support.cpp.o
[ 71%] Building CXX object CMakeFiles/crazyflie_interfaces__rosidl_typesupport_fastrtps_c.dir/rosidl_typesupport_fastrtps_c/crazyflie_interfaces/srv/detail/update_params__type_support_c.cpp.o
[ 72%] Building CXX object CMakeFiles/crazyflie_interfaces__rosidl_typesupport_introspection_cpp.dir/rosidl_typesupport_introspection_cpp/crazyflie_interfaces/srv/detail/set_group_mask__type_support.cpp.o
[ 73%] Building CXX object CMakeFiles/crazyflie_interfaces__rosidl_typesupport_fastrtps_cpp.dir/rosidl_typesupport_fastrtps_cpp/crazyflie_interfaces/srv/detail/dds_fastrtps/stop__type_support.cpp.o
[ 74%] Building CXX object CMakeFiles/crazyflie_interfaces__rosidl_typesupport_cpp.dir/rosidl_typesupport_cpp/crazyflie_interfaces/srv/update_params__type_support.cpp.o
[ 74%] Building CXX object CMakeFiles/crazyflie_interfaces__rosidl_typesupport_cpp.dir/rosidl_typesupport_cpp/crazyflie_interfaces/srv/upload_trajectory__type_support.cpp.o
[ 74%] Building CXX object CMakeFiles/crazyflie_interfaces__rosidl_typesupport_fastrtps_c.dir/rosidl_typesupport_fastrtps_c/crazyflie_interfaces/srv/detail/upload_trajectory__type_support_c.cpp.o
[ 74%] Building CXX object CMakeFiles/crazyflie_interfaces__rosidl_typesupport_introspection_cpp.dir/rosidl_typesupport_introspection_cpp/crazyflie_interfaces/srv/detail/start_trajectory__type_support.cpp.o
[ 74%] Building CXX object CMakeFiles/crazyflie_interfaces__rosidl_typesupport_fastrtps_cpp.dir/rosidl_typesupport_fastrtps_cpp/crazyflie_interfaces/srv/detail/dds_fastrtps/takeoff__type_support.cpp.o
[ 75%] Building CXX object CMakeFiles/crazyflie_interfaces__rosidl_typesupport_cpp.dir/rosidl_typesupport_cpp/crazyflie_interfaces/srv/remove_logging__type_support.cpp.o
[ 76%] Building CXX object CMakeFiles/crazyflie_interfaces__rosidl_typesupport_introspection_cpp.dir/rosidl_typesupport_introspection_cpp/crazyflie_interfaces/srv/detail/stop__type_support.cpp.o
[ 77%] Building CXX object CMakeFiles/crazyflie_interfaces__rosidl_typesupport_fastrtps_c.dir/rosidl_typesupport_fastrtps_c/crazyflie_interfaces/srv/detail/remove_logging__type_support_c.cpp.o
[ 78%] Building CXX object CMakeFiles/crazyflie_interfaces__rosidl_typesupport_fastrtps_cpp.dir/rosidl_typesupport_fastrtps_cpp/crazyflie_interfaces/srv/detail/dds_fastrtps/update_params__type_support.cpp.o
[ 78%] Building CXX object CMakeFiles/crazyflie_interfaces__rosidl_typesupport_cpp.dir/rosidl_typesupport_cpp/crazyflie_interfaces/srv/add_logging__type_support.cpp.o
[ 79%] Building CXX object CMakeFiles/crazyflie_interfaces__rosidl_typesupport_cpp.dir/rosidl_typesupport_cpp/crazyflie_interfaces/srv/arm__type_support.cpp.o
[ 79%] Building CXX object CMakeFiles/crazyflie_interfaces__rosidl_typesupport_introspection_cpp.dir/rosidl_typesupport_introspection_cpp/crazyflie_interfaces/srv/detail/takeoff__type_support.cpp.o
[ 79%] Building CXX object CMakeFiles/crazyflie_interfaces__rosidl_typesupport_fastrtps_c.dir/rosidl_typesupport_fastrtps_c/crazyflie_interfaces/srv/detail/add_logging__type_support_c.cpp.o
[ 79%] Building CXX object CMakeFiles/crazyflie_interfaces__rosidl_typesupport_fastrtps_cpp.dir/rosidl_typesupport_fastrtps_cpp/crazyflie_interfaces/srv/detail/dds_fastrtps/upload_trajectory__type_support.cpp.o
[ 79%] Linking CXX shared library libcrazyflie_interfaces__rosidl_typesupport_cpp.so
[ 79%] Built target crazyflie_interfaces__rosidl_typesupport_cpp
[ 80%] Building CXX object CMakeFiles/crazyflie_interfaces__rosidl_typesupport_introspection_cpp.dir/rosidl_typesupport_introspection_cpp/crazyflie_interfaces/srv/detail/update_params__type_support.cpp.o
[ 81%] Building CXX object CMakeFiles/crazyflie_interfaces__rosidl_typesupport_fastrtps_cpp.dir/rosidl_typesupport_fastrtps_cpp/crazyflie_interfaces/srv/detail/dds_fastrtps/remove_logging__type_support.cpp.o
[ 82%] Building CXX object CMakeFiles/crazyflie_interfaces__rosidl_typesupport_fastrtps_c.dir/rosidl_typesupport_fastrtps_c/crazyflie_interfaces/srv/detail/arm__type_support_c.cpp.o
[ 82%] Building CXX object CMakeFiles/crazyflie_interfaces__rosidl_typesupport_introspection_cpp.dir/rosidl_typesupport_introspection_cpp/crazyflie_interfaces/srv/detail/upload_trajectory__type_support.cpp.o
[ 82%] Building CXX object CMakeFiles/crazyflie_interfaces__rosidl_typesupport_fastrtps_cpp.dir/rosidl_typesupport_fastrtps_cpp/crazyflie_interfaces/srv/detail/dds_fastrtps/add_logging__type_support.cpp.o
[ 83%] Building CXX object CMakeFiles/crazyflie_interfaces__rosidl_typesupport_introspection_cpp.dir/rosidl_typesupport_introspection_cpp/crazyflie_interfaces/srv/detail/remove_logging__type_support.cpp.o
[ 83%] Linking CXX shared library libcrazyflie_interfaces__rosidl_typesupport_fastrtps_c.so
[ 83%] Built target crazyflie_interfaces__rosidl_typesupport_fastrtps_c
[ 83%] Building CXX object CMakeFiles/crazyflie_interfaces__rosidl_typesupport_introspection_cpp.dir/rosidl_typesupport_introspection_cpp/crazyflie_interfaces/srv/detail/add_logging__type_support.cpp.o
[ 84%] Building CXX object CMakeFiles/crazyflie_interfaces__rosidl_typesupport_fastrtps_cpp.dir/rosidl_typesupport_fastrtps_cpp/crazyflie_interfaces/srv/detail/dds_fastrtps/arm__type_support.cpp.o
[ 85%] Building CXX object CMakeFiles/crazyflie_interfaces__rosidl_typesupport_introspection_cpp.dir/rosidl_typesupport_introspection_cpp/crazyflie_interfaces/srv/detail/arm__type_support.cpp.o
[ 85%] Linking CXX shared library libcrazyflie_interfaces__rosidl_typesupport_fastrtps_cpp.so
[ 85%] Linking CXX shared library libcrazyflie_interfaces__rosidl_typesupport_introspection_cpp.so
[ 85%] Built target crazyflie_interfaces__rosidl_typesupport_fastrtps_cpp
[ 85%] Built target crazyflie_interfaces__rosidl_typesupport_introspection_cpp
[ 85%] Built target crazyflie_interfaces
[ 86%] Generating Python code for ROS interfaces
[ 86%] Built target crazyflie_interfaces__py
[ 86%] Building C object CMakeFiles/crazyflie_interfaces__rosidl_generator_py.dir/rosidl_generator_py/crazyflie_interfaces/msg/_connection_statistics_s.c.o
[ 87%] Building C object CMakeFiles/crazyflie_interfaces__rosidl_generator_py.dir/rosidl_generator_py/crazyflie_interfaces/msg/_connection_statistics_array_s.c.o
[ 88%] Building C object CMakeFiles/crazyflie_interfaces__rosidl_generator_py.dir/rosidl_generator_py/crazyflie_interfaces/msg/_full_state_s.c.o
[ 88%] Building C object CMakeFiles/crazyflie_interfaces__rosidl_generator_py.dir/rosidl_generator_py/crazyflie_interfaces/msg/_log_data_generic_s.c.o
[ 88%] Building C object CMakeFiles/crazyflie_interfaces__rosidl_generator_py.dir/rosidl_generator_py/crazyflie_interfaces/msg/_hover_s.c.o
[ 89%] Building C object CMakeFiles/crazyflie_interfaces__rosidl_generator_py.dir/rosidl_generator_py/crazyflie_interfaces/msg/_log_block_s.c.o
[ 89%] Building C object CMakeFiles/crazyflie_interfaces__rosidl_generator_py.dir/rosidl_generator_py/crazyflie_interfaces/msg/_position_s.c.o
[ 90%] Building C object CMakeFiles/crazyflie_interfaces__rosidl_generator_py.dir/rosidl_generator_py/crazyflie_interfaces/msg/_status_s.c.o
[ 90%] Building C object CMakeFiles/crazyflie_interfaces__rosidl_generator_py.dir/rosidl_generator_py/crazyflie_interfaces/msg/_trajectory_polynomial_piece_s.c.o
[ 91%] Building C object CMakeFiles/crazyflie_interfaces__rosidl_generator_py.dir/rosidl_generator_py/crazyflie_interfaces/msg/_velocity_world_s.c.o
[ 91%] Building C object CMakeFiles/crazyflie_interfaces__rosidl_generator_py.dir/rosidl_generator_py/crazyflie_interfaces/srv/_go_to_s.c.o
[ 92%] Building C object CMakeFiles/crazyflie_interfaces__rosidl_generator_py.dir/rosidl_generator_py/crazyflie_interfaces/srv/_land_s.c.o
[ 92%] Building C object CMakeFiles/crazyflie_interfaces__rosidl_generator_py.dir/rosidl_generator_py/crazyflie_interfaces/srv/_notify_setpoints_stop_s.c.o
[ 93%] Building C object CMakeFiles/crazyflie_interfaces__rosidl_generator_py.dir/rosidl_generator_py/crazyflie_interfaces/srv/_set_group_mask_s.c.o
[ 93%] Building C object CMakeFiles/crazyflie_interfaces__rosidl_generator_py.dir/rosidl_generator_py/crazyflie_interfaces/srv/_start_trajectory_s.c.o
[ 94%] Building C object CMakeFiles/crazyflie_interfaces__rosidl_generator_py.dir/rosidl_generator_py/crazyflie_interfaces/srv/_stop_s.c.o
[ 94%] Building C object CMakeFiles/crazyflie_interfaces__rosidl_generator_py.dir/rosidl_generator_py/crazyflie_interfaces/srv/_takeoff_s.c.o
[ 95%] Building C object CMakeFiles/crazyflie_interfaces__rosidl_generator_py.dir/rosidl_generator_py/crazyflie_interfaces/srv/_update_params_s.c.o
[ 95%] Building C object CMakeFiles/crazyflie_interfaces__rosidl_generator_py.dir/rosidl_generator_py/crazyflie_interfaces/srv/_upload_trajectory_s.c.o
[ 96%] Building C object CMakeFiles/crazyflie_interfaces__rosidl_generator_py.dir/rosidl_generator_py/crazyflie_interfaces/srv/_remove_logging_s.c.o
[ 96%] Building C object CMakeFiles/crazyflie_interfaces__rosidl_generator_py.dir/rosidl_generator_py/crazyflie_interfaces/srv/_add_logging_s.c.o
[ 97%] Building C object CMakeFiles/crazyflie_interfaces__rosidl_generator_py.dir/rosidl_generator_py/crazyflie_interfaces/srv/_arm_s.c.o
[ 97%] Linking C shared library rosidl_generator_py/crazyflie_interfaces/libcrazyflie_interfaces__rosidl_generator_py.so
[ 97%] Built target crazyflie_interfaces__rosidl_generator_py
[ 98%] Building C object CMakeFiles/crazyflie_interfaces__rosidl_typesupport_fastrtps_c__pyext.dir/rosidl_generator_py/crazyflie_interfaces/_crazyflie_interfaces_s.ep.rosidl_typesupport_fastrtps_c.c.o
[ 99%] Building C object CMakeFiles/crazyflie_interfaces__rosidl_typesupport_c__pyext.dir/rosidl_generator_py/crazyflie_interfaces/_crazyflie_interfaces_s.ep.rosidl_typesupport_c.c.o
[100%] Building C object CMakeFiles/crazyflie_interfaces__rosidl_typesupport_introspection_c__pyext.dir/rosidl_generator_py/crazyflie_interfaces/_crazyflie_interfaces_s.ep.rosidl_typesupport_introspection_c.c.o
[100%] Linking C shared library rosidl_generator_py/crazyflie_interfaces/crazyflie_interfaces_s__rosidl_typesupport_introspection_c.cpython-310-aarch64-linux-gnu.so
[100%] Linking C shared library rosidl_generator_py/crazyflie_interfaces/crazyflie_interfaces_s__rosidl_typesupport_fastrtps_c.cpython-310-aarch64-linux-gnu.so
[100%] Linking C shared library rosidl_generator_py/crazyflie_interfaces/crazyflie_interfaces_s__rosidl_typesupport_c.cpython-310-aarch64-linux-gnu.so
[100%] Built target crazyflie_interfaces__rosidl_typesupport_introspection_c__pyext
[100%] Built target crazyflie_interfaces__rosidl_typesupport_fastrtps_c__pyext
[100%] Built target crazyflie_interfaces__rosidl_typesupport_c__pyext
-- Install configuration: ""
-- Installing: /home/coshow/COSHOW/ros2_ws/install/share/ament_index/resource_index/rosidl_interfaces/crazyflie_interfaces
-- Installing: /home/coshow/COSHOW/ros2_ws/install/include/crazyflie_interfaces/crazyflie_interfaces
-- Installing: /home/coshow/COSHOW/ros2_ws/install/include/crazyflie_interfaces/crazyflie_interfaces/msg
-- Installing: /home/coshow/COSHOW/ros2_ws/install/include/crazyflie_interfaces/crazyflie_interfaces/msg/detail
-- Installing: /home/coshow/COSHOW/ros2_ws/install/include/crazyflie_interfaces/crazyflie_interfaces/msg/detail/full_state__functions.c
-- Installing: /home/coshow/COSHOW/ros2_ws/install/include/crazyflie_interfaces/crazyflie_interfaces/msg/detail/log_data_generic__type_support.h
-- Installing: /home/coshow/COSHOW/ros2_ws/install/include/crazyflie_interfaces/crazyflie_interfaces/msg/detail/status__functions.c
-- Installing: /home/coshow/COSHOW/ros2_ws/install/include/crazyflie_interfaces/crazyflie_interfaces/msg/detail/position__functions.h
-- Installing: /home/coshow/COSHOW/ros2_ws/install/include/crazyflie_interfaces/crazyflie_interfaces/msg/detail/hover__type_support.h
-- Installing: /home/coshow/COSHOW/ros2_ws/install/include/crazyflie_interfaces/crazyflie_interfaces/msg/detail/position__struct.h
-- Installing: /home/coshow/COSHOW/ros2_ws/install/include/crazyflie_interfaces/crazyflie_interfaces/msg/detail/full_state__type_support.h
-- Installing: /home/coshow/COSHOW/ros2_ws/install/include/crazyflie_interfaces/crazyflie_interfaces/msg/detail/connection_statistics_array__struct.h
-- Installing: /home/coshow/COSHOW/ros2_ws/install/include/crazyflie_interfaces/crazyflie_interfaces/msg/detail/log_block__functions.h
-- Installing: /home/coshow/COSHOW/ros2_ws/install/include/crazyflie_interfaces/crazyflie_interfaces/msg/detail/connection_statistics__functions.c
-- Installing: /home/coshow/COSHOW/ros2_ws/install/include/crazyflie_interfaces/crazyflie_interfaces/msg/detail/status__functions.h
-- Installing: /home/coshow/COSHOW/ros2_ws/install/include/crazyflie_interfaces/crazyflie_interfaces/msg/detail/position__functions.c
-- Installing: /home/coshow/COSHOW/ros2_ws/install/include/crazyflie_interfaces/crazyflie_interfaces/msg/detail/velocity_world__type_support.h
-- Installing: /home/coshow/COSHOW/ros2_ws/install/include/crazyflie_interfaces/crazyflie_interfaces/msg/detail/hover__functions.c
-- Installing: /home/coshow/COSHOW/ros2_ws/install/include/crazyflie_interfaces/crazyflie_interfaces/msg/detail/log_block__type_support.h
-- Installing: /home/coshow/COSHOW/ros2_ws/install/include/crazyflie_interfaces/crazyflie_interfaces/msg/detail/connection_statistics_array__functions.c
-- Installing: /home/coshow/COSHOW/ros2_ws/install/include/crazyflie_interfaces/crazyflie_interfaces/msg/detail/velocity_world__functions.h
-- Installing: /home/coshow/COSHOW/ros2_ws/install/include/crazyflie_interfaces/crazyflie_interfaces/msg/detail/hover__struct.h
-- Installing: /home/coshow/COSHOW/ros2_ws/install/include/crazyflie_interfaces/crazyflie_interfaces/msg/detail/log_data_generic__functions.h
-- Installing: /home/coshow/COSHOW/ros2_ws/install/include/crazyflie_interfaces/crazyflie_interfaces/msg/detail/full_state__functions.h
-- Installing: /home/coshow/COSHOW/ros2_ws/install/include/crazyflie_interfaces/crazyflie_interfaces/msg/detail/full_state__struct.h
-- Installing: /home/coshow/COSHOW/ros2_ws/install/include/crazyflie_interfaces/crazyflie_interfaces/msg/detail/position__type_support.h
-- Installing: /home/coshow/COSHOW/ros2_ws/install/include/crazyflie_interfaces/crazyflie_interfaces/msg/detail/trajectory_polynomial_piece__type_support.h
-- Installing: /home/coshow/COSHOW/ros2_ws/install/include/crazyflie_interfaces/crazyflie_interfaces/msg/detail/velocity_world__struct.h
-- Installing: /home/coshow/COSHOW/ros2_ws/install/include/crazyflie_interfaces/crazyflie_interfaces/msg/detail/velocity_world__functions.c
-- Installing: /home/coshow/COSHOW/ros2_ws/install/include/crazyflie_interfaces/crazyflie_interfaces/msg/detail/status__type_support.h
-- Installing: /home/coshow/COSHOW/ros2_ws/install/include/crazyflie_interfaces/crazyflie_interfaces/msg/detail/log_data_generic__struct.h
-- Installing: /home/coshow/COSHOW/ros2_ws/install/include/crazyflie_interfaces/crazyflie_interfaces/msg/detail/connection_statistics_array__type_support.h
-- Installing: /home/coshow/COSHOW/ros2_ws/install/include/crazyflie_interfaces/crazyflie_interfaces/msg/detail/connection_statistics__functions.h
-- Installing: /home/coshow/COSHOW/ros2_ws/install/include/crazyflie_interfaces/crazyflie_interfaces/msg/detail/connection_statistics__type_support.h
-- Installing: /home/coshow/COSHOW/ros2_ws/install/include/crazyflie_interfaces/crazyflie_interfaces/msg/detail/trajectory_polynomial_piece__struct.h
-- Installing: /home/coshow/COSHOW/ros2_ws/install/include/crazyflie_interfaces/crazyflie_interfaces/msg/detail/status__struct.h
-- Installing: /home/coshow/COSHOW/ros2_ws/install/include/crazyflie_interfaces/crazyflie_interfaces/msg/detail/log_data_generic__functions.c
-- Installing: /home/coshow/COSHOW/ros2_ws/install/include/crazyflie_interfaces/crazyflie_interfaces/msg/detail/trajectory_polynomial_piece__functions.h
-- Installing: /home/coshow/COSHOW/ros2_ws/install/include/crazyflie_interfaces/crazyflie_interfaces/msg/detail/hover__functions.h
-- Installing: /home/coshow/COSHOW/ros2_ws/install/include/crazyflie_interfaces/crazyflie_interfaces/msg/detail/connection_statistics__struct.h
-- Installing: /home/coshow/COSHOW/ros2_ws/install/include/crazyflie_interfaces/crazyflie_interfaces/msg/detail/trajectory_polynomial_piece__functions.c
-- Installing: /home/coshow/COSHOW/ros2_ws/install/include/crazyflie_interfaces/crazyflie_interfaces/msg/detail/log_block__struct.h
-- Installing: /home/coshow/COSHOW/ros2_ws/install/include/crazyflie_interfaces/crazyflie_interfaces/msg/detail/connection_statistics_array__functions.h
-- Installing: /home/coshow/COSHOW/ros2_ws/install/include/crazyflie_interfaces/crazyflie_interfaces/msg/detail/log_block__functions.c
-- Installing: /home/coshow/COSHOW/ros2_ws/install/include/crazyflie_interfaces/crazyflie_interfaces/msg/trajectory_polynomial_piece.h
-- Installing: /home/coshow/COSHOW/ros2_ws/install/include/crazyflie_interfaces/crazyflie_interfaces/msg/log_data_generic.h
-- Installing: /home/coshow/COSHOW/ros2_ws/install/include/crazyflie_interfaces/crazyflie_interfaces/msg/status.h
-- Installing: /home/coshow/COSHOW/ros2_ws/install/include/crazyflie_interfaces/crazyflie_interfaces/msg/velocity_world.h
-- Installing: /home/coshow/COSHOW/ros2_ws/install/include/crazyflie_interfaces/crazyflie_interfaces/msg/rosidl_generator_c__visibility_control.h
-- Installing: /home/coshow/COSHOW/ros2_ws/install/include/crazyflie_interfaces/crazyflie_interfaces/msg/position.h
-- Installing: /home/coshow/COSHOW/ros2_ws/install/include/crazyflie_interfaces/crazyflie_interfaces/msg/log_block.h
-- Installing: /home/coshow/COSHOW/ros2_ws/install/include/crazyflie_interfaces/crazyflie_interfaces/msg/hover.h
-- Installing: /home/coshow/COSHOW/ros2_ws/install/include/crazyflie_interfaces/crazyflie_interfaces/msg/full_state.h
-- Installing: /home/coshow/COSHOW/ros2_ws/install/include/crazyflie_interfaces/crazyflie_interfaces/msg/connection_statistics.h
-- Installing: /home/coshow/COSHOW/ros2_ws/install/include/crazyflie_interfaces/crazyflie_interfaces/msg/connection_statistics_array.h
-- Installing: /home/coshow/COSHOW/ros2_ws/install/include/crazyflie_interfaces/crazyflie_interfaces/srv
-- Installing: /home/coshow/COSHOW/ros2_ws/install/include/crazyflie_interfaces/crazyflie_interfaces/srv/detail
-- Installing: /home/coshow/COSHOW/ros2_ws/install/include/crazyflie_interfaces/crazyflie_interfaces/srv/detail/update_params__type_support.h
-- Installing: /home/coshow/COSHOW/ros2_ws/install/include/crazyflie_interfaces/crazyflie_interfaces/srv/detail/go_to__struct.h
-- Installing: /home/coshow/COSHOW/ros2_ws/install/include/crazyflie_interfaces/crazyflie_interfaces/srv/detail/update_params__functions.h
-- Installing: /home/coshow/COSHOW/ros2_ws/install/include/crazyflie_interfaces/crazyflie_interfaces/srv/detail/start_trajectory__struct.h
-- Installing: /home/coshow/COSHOW/ros2_ws/install/include/crazyflie_interfaces/crazyflie_interfaces/srv/detail/upload_trajectory__functions.c
-- Installing: /home/coshow/COSHOW/ros2_ws/install/include/crazyflie_interfaces/crazyflie_interfaces/srv/detail/start_trajectory__functions.c
-- Installing: /home/coshow/COSHOW/ros2_ws/install/include/crazyflie_interfaces/crazyflie_interfaces/srv/detail/set_group_mask__type_support.h
-- Installing: /home/coshow/COSHOW/ros2_ws/install/include/crazyflie_interfaces/crazyflie_interfaces/srv/detail/add_logging__functions.h
-- Installing: /home/coshow/COSHOW/ros2_ws/install/include/crazyflie_interfaces/crazyflie_interfaces/srv/detail/set_group_mask__functions.c
-- Installing: /home/coshow/COSHOW/ros2_ws/install/include/crazyflie_interfaces/crazyflie_interfaces/srv/detail/arm__functions.c
-- Installing: /home/coshow/COSHOW/ros2_ws/install/include/crazyflie_interfaces/crazyflie_interfaces/srv/detail/stop__functions.h
-- Installing: /home/coshow/COSHOW/ros2_ws/install/include/crazyflie_interfaces/crazyflie_interfaces/srv/detail/arm__functions.h
-- Installing: /home/coshow/COSHOW/ros2_ws/install/include/crazyflie_interfaces/crazyflie_interfaces/srv/detail/upload_trajectory__functions.h
-- Installing: /home/coshow/COSHOW/ros2_ws/install/include/crazyflie_interfaces/crazyflie_interfaces/srv/detail/takeoff__struct.h
-- Installing: /home/coshow/COSHOW/ros2_ws/install/include/crazyflie_interfaces/crazyflie_interfaces/srv/detail/start_trajectory__functions.h
-- Installing: /home/coshow/COSHOW/ros2_ws/install/include/crazyflie_interfaces/crazyflie_interfaces/srv/detail/land__struct.h
-- Installing: /home/coshow/COSHOW/ros2_ws/install/include/crazyflie_interfaces/crazyflie_interfaces/srv/detail/notify_setpoints_stop__functions.h
-- Installing: /home/coshow/COSHOW/ros2_ws/install/include/crazyflie_interfaces/crazyflie_interfaces/srv/detail/stop__functions.c
-- Installing: /home/coshow/COSHOW/ros2_ws/install/include/crazyflie_interfaces/crazyflie_interfaces/srv/detail/set_group_mask__struct.h
-- Installing: /home/coshow/COSHOW/ros2_ws/install/include/crazyflie_interfaces/crazyflie_interfaces/srv/detail/set_group_mask__functions.h
-- Installing: /home/coshow/COSHOW/ros2_ws/install/include/crazyflie_interfaces/crazyflie_interfaces/srv/detail/update_params__struct.h
-- Installing: /home/coshow/COSHOW/ros2_ws/install/include/crazyflie_interfaces/crazyflie_interfaces/srv/detail/go_to__functions.c
-- Installing: /home/coshow/COSHOW/ros2_ws/install/include/crazyflie_interfaces/crazyflie_interfaces/srv/detail/land__functions.c
-- Installing: /home/coshow/COSHOW/ros2_ws/install/include/crazyflie_interfaces/crazyflie_interfaces/srv/detail/notify_setpoints_stop__struct.h
-- Installing: /home/coshow/COSHOW/ros2_ws/install/include/crazyflie_interfaces/crazyflie_interfaces/srv/detail/takeoff__type_support.h
-- Installing: /home/coshow/COSHOW/ros2_ws/install/include/crazyflie_interfaces/crazyflie_interfaces/srv/detail/land__type_support.h
-- Installing: /home/coshow/COSHOW/ros2_ws/install/include/crazyflie_interfaces/crazyflie_interfaces/srv/detail/add_logging__functions.c
-- Installing: /home/coshow/COSHOW/ros2_ws/install/include/crazyflie_interfaces/crazyflie_interfaces/srv/detail/upload_trajectory__struct.h
-- Installing: /home/coshow/COSHOW/ros2_ws/install/include/crazyflie_interfaces/crazyflie_interfaces/srv/detail/remove_logging__functions.c
-- Installing: /home/coshow/COSHOW/ros2_ws/install/include/crazyflie_interfaces/crazyflie_interfaces/srv/detail/remove_logging__type_support.h
-- Installing: /home/coshow/COSHOW/ros2_ws/install/include/crazyflie_interfaces/crazyflie_interfaces/srv/detail/stop__struct.h
-- Installing: /home/coshow/COSHOW/ros2_ws/install/include/crazyflie_interfaces/crazyflie_interfaces/srv/detail/start_trajectory__type_support.h
-- Installing: /home/coshow/COSHOW/ros2_ws/install/include/crazyflie_interfaces/crazyflie_interfaces/srv/detail/remove_logging__functions.h
-- Installing: /home/coshow/COSHOW/ros2_ws/install/include/crazyflie_interfaces/crazyflie_interfaces/srv/detail/takeoff__functions.h
-- Installing: /home/coshow/COSHOW/ros2_ws/install/include/crazyflie_interfaces/crazyflie_interfaces/srv/detail/go_to__type_support.h
-- Installing: /home/coshow/COSHOW/ros2_ws/install/include/crazyflie_interfaces/crazyflie_interfaces/srv/detail/notify_setpoints_stop__functions.c
-- Installing: /home/coshow/COSHOW/ros2_ws/install/include/crazyflie_interfaces/crazyflie_interfaces/srv/detail/go_to__functions.h
-- Installing: /home/coshow/COSHOW/ros2_ws/install/include/crazyflie_interfaces/crazyflie_interfaces/srv/detail/arm__type_support.h
-- Installing: /home/coshow/COSHOW/ros2_ws/install/include/crazyflie_interfaces/crazyflie_interfaces/srv/detail/add_logging__type_support.h
-- Installing: /home/coshow/COSHOW/ros2_ws/install/include/crazyflie_interfaces/crazyflie_interfaces/srv/detail/upload_trajectory__type_support.h
-- Installing: /home/coshow/COSHOW/ros2_ws/install/include/crazyflie_interfaces/crazyflie_interfaces/srv/detail/stop__type_support.h
-- Installing: /home/coshow/COSHOW/ros2_ws/install/include/crazyflie_interfaces/crazyflie_interfaces/srv/detail/land__functions.h
-- Installing: /home/coshow/COSHOW/ros2_ws/install/include/crazyflie_interfaces/crazyflie_interfaces/srv/detail/add_logging__struct.h
-- Installing: /home/coshow/COSHOW/ros2_ws/install/include/crazyflie_interfaces/crazyflie_interfaces/srv/detail/takeoff__functions.c
-- Installing: /home/coshow/COSHOW/ros2_ws/install/include/crazyflie_interfaces/crazyflie_interfaces/srv/detail/arm__struct.h
-- Installing: /home/coshow/COSHOW/ros2_ws/install/include/crazyflie_interfaces/crazyflie_interfaces/srv/detail/notify_setpoints_stop__type_support.h
-- Installing: /home/coshow/COSHOW/ros2_ws/install/include/crazyflie_interfaces/crazyflie_interfaces/srv/detail/update_params__functions.c
-- Installing: /home/coshow/COSHOW/ros2_ws/install/include/crazyflie_interfaces/crazyflie_interfaces/srv/detail/remove_logging__struct.h
-- Installing: /home/coshow/COSHOW/ros2_ws/install/include/crazyflie_interfaces/crazyflie_interfaces/srv/arm.h
-- Installing: /home/coshow/COSHOW/ros2_ws/install/include/crazyflie_interfaces/crazyflie_interfaces/srv/stop.h
-- Installing: /home/coshow/COSHOW/ros2_ws/install/include/crazyflie_interfaces/crazyflie_interfaces/srv/set_group_mask.h
-- Installing: /home/coshow/COSHOW/ros2_ws/install/include/crazyflie_interfaces/crazyflie_interfaces/srv/upload_trajectory.h
-- Installing: /home/coshow/COSHOW/ros2_ws/install/include/crazyflie_interfaces/crazyflie_interfaces/srv/land.h
-- Installing: /home/coshow/COSHOW/ros2_ws/install/include/crazyflie_interfaces/crazyflie_interfaces/srv/go_to.h
-- Installing: /home/coshow/COSHOW/ros2_ws/install/include/crazyflie_interfaces/crazyflie_interfaces/srv/remove_logging.h
-- Installing: /home/coshow/COSHOW/ros2_ws/install/include/crazyflie_interfaces/crazyflie_interfaces/srv/start_trajectory.h
-- Installing: /home/coshow/COSHOW/ros2_ws/install/include/crazyflie_interfaces/crazyflie_interfaces/srv/add_logging.h
-- Installing: /home/coshow/COSHOW/ros2_ws/install/include/crazyflie_interfaces/crazyflie_interfaces/srv/notify_setpoints_stop.h
-- Installing: /home/coshow/COSHOW/ros2_ws/install/include/crazyflie_interfaces/crazyflie_interfaces/srv/update_params.h
-- Installing: /home/coshow/COSHOW/ros2_ws/install/include/crazyflie_interfaces/crazyflie_interfaces/srv/takeoff.h
-- Installing: /home/coshow/COSHOW/ros2_ws/install/share/crazyflie_interfaces/environment/library_path.sh
-- Installing: /home/coshow/COSHOW/ros2_ws/install/share/crazyflie_interfaces/environment/library_path.dsv
-- Installing: /home/coshow/COSHOW/ros2_ws/install/lib/libcrazyflie_interfaces__rosidl_generator_c.so
-- Set runtime path of "/home/coshow/COSHOW/ros2_ws/install/lib/libcrazyflie_interfaces__rosidl_generator_c.so" to ""
-- Up-to-date: /home/coshow/COSHOW/ros2_ws/install/include/crazyflie_interfaces/crazyflie_interfaces
-- Up-to-date: /home/coshow/COSHOW/ros2_ws/install/include/crazyflie_interfaces/crazyflie_interfaces/msg
-- Up-to-date: /home/coshow/COSHOW/ros2_ws/install/include/crazyflie_interfaces/crazyflie_interfaces/msg/detail
-- Installing: /home/coshow/COSHOW/ros2_ws/install/include/crazyflie_interfaces/crazyflie_interfaces/msg/detail/connection_statistics__rosidl_typesupport_fastrtps_c.h
-- Installing: /home/coshow/COSHOW/ros2_ws/install/include/crazyflie_interfaces/crazyflie_interfaces/msg/detail/trajectory_polynomial_piece__rosidl_typesupport_fastrtps_c.h
-- Installing: /home/coshow/COSHOW/ros2_ws/install/include/crazyflie_interfaces/crazyflie_interfaces/msg/detail/position__rosidl_typesupport_fastrtps_c.h
-- Installing: /home/coshow/COSHOW/ros2_ws/install/include/crazyflie_interfaces/crazyflie_interfaces/msg/detail/connection_statistics_array__rosidl_typesupport_fastrtps_c.h
-- Installing: /home/coshow/COSHOW/ros2_ws/install/include/crazyflie_interfaces/crazyflie_interfaces/msg/detail/log_data_generic__rosidl_typesupport_fastrtps_c.h
-- Installing: /home/coshow/COSHOW/ros2_ws/install/include/crazyflie_interfaces/crazyflie_interfaces/msg/detail/hover__rosidl_typesupport_fastrtps_c.h
-- Installing: /home/coshow/COSHOW/ros2_ws/install/include/crazyflie_interfaces/crazyflie_interfaces/msg/detail/velocity_world__rosidl_typesupport_fastrtps_c.h
-- Installing: /home/coshow/COSHOW/ros2_ws/install/include/crazyflie_interfaces/crazyflie_interfaces/msg/detail/log_block__rosidl_typesupport_fastrtps_c.h
-- Installing: /home/coshow/COSHOW/ros2_ws/install/include/crazyflie_interfaces/crazyflie_interfaces/msg/detail/status__rosidl_typesupport_fastrtps_c.h
-- Installing: /home/coshow/COSHOW/ros2_ws/install/include/crazyflie_interfaces/crazyflie_interfaces/msg/detail/full_state__rosidl_typesupport_fastrtps_c.h
-- Installing: /home/coshow/COSHOW/ros2_ws/install/include/crazyflie_interfaces/crazyflie_interfaces/msg/rosidl_typesupport_fastrtps_c__visibility_control.h
-- Up-to-date: /home/coshow/COSHOW/ros2_ws/install/include/crazyflie_interfaces/crazyflie_interfaces/srv
-- Up-to-date: /home/coshow/COSHOW/ros2_ws/install/include/crazyflie_interfaces/crazyflie_interfaces/srv/detail
-- Installing: /home/coshow/COSHOW/ros2_ws/install/include/crazyflie_interfaces/crazyflie_interfaces/srv/detail/land__rosidl_typesupport_fastrtps_c.h
-- Installing: /home/coshow/COSHOW/ros2_ws/install/include/crazyflie_interfaces/crazyflie_interfaces/srv/detail/set_group_mask__rosidl_typesupport_fastrtps_c.h
-- Installing: /home/coshow/COSHOW/ros2_ws/install/include/crazyflie_interfaces/crazyflie_interfaces/srv/detail/remove_logging__rosidl_typesupport_fastrtps_c.h
-- Installing: /home/coshow/COSHOW/ros2_ws/install/include/crazyflie_interfaces/crazyflie_interfaces/srv/detail/notify_setpoints_stop__rosidl_typesupport_fastrtps_c.h
-- Installing: /home/coshow/COSHOW/ros2_ws/install/include/crazyflie_interfaces/crazyflie_interfaces/srv/detail/arm__rosidl_typesupport_fastrtps_c.h
-- Installing: /home/coshow/COSHOW/ros2_ws/install/include/crazyflie_interfaces/crazyflie_interfaces/srv/detail/add_logging__rosidl_typesupport_fastrtps_c.h
-- Installing: /home/coshow/COSHOW/ros2_ws/install/include/crazyflie_interfaces/crazyflie_interfaces/srv/detail/takeoff__rosidl_typesupport_fastrtps_c.h
-- Installing: /home/coshow/COSHOW/ros2_ws/install/include/crazyflie_interfaces/crazyflie_interfaces/srv/detail/go_to__rosidl_typesupport_fastrtps_c.h
-- Installing: /home/coshow/COSHOW/ros2_ws/install/include/crazyflie_interfaces/crazyflie_interfaces/srv/detail/stop__rosidl_typesupport_fastrtps_c.h
-- Installing: /home/coshow/COSHOW/ros2_ws/install/include/crazyflie_interfaces/crazyflie_interfaces/srv/detail/update_params__rosidl_typesupport_fastrtps_c.h
-- Installing: /home/coshow/COSHOW/ros2_ws/install/include/crazyflie_interfaces/crazyflie_interfaces/srv/detail/upload_trajectory__rosidl_typesupport_fastrtps_c.h
-- Installing: /home/coshow/COSHOW/ros2_ws/install/include/crazyflie_interfaces/crazyflie_interfaces/srv/detail/start_trajectory__rosidl_typesupport_fastrtps_c.h
-- Installing: /home/coshow/COSHOW/ros2_ws/install/lib/libcrazyflie_interfaces__rosidl_typesupport_fastrtps_c.so
-- Set runtime path of "/home/coshow/COSHOW/ros2_ws/install/lib/libcrazyflie_interfaces__rosidl_typesupport_fastrtps_c.so" to ""
-- Up-to-date: /home/coshow/COSHOW/ros2_ws/install/include/crazyflie_interfaces/crazyflie_interfaces
-- Up-to-date: /home/coshow/COSHOW/ros2_ws/install/include/crazyflie_interfaces/crazyflie_interfaces/msg
-- Up-to-date: /home/coshow/COSHOW/ros2_ws/install/include/crazyflie_interfaces/crazyflie_interfaces/msg/detail
-- Installing: /home/coshow/COSHOW/ros2_ws/install/include/crazyflie_interfaces/crazyflie_interfaces/msg/detail/velocity_world__traits.hpp
-- Installing: /home/coshow/COSHOW/ros2_ws/install/include/crazyflie_interfaces/crazyflie_interfaces/msg/detail/full_state__builder.hpp
-- Installing: /home/coshow/COSHOW/ros2_ws/install/include/crazyflie_interfaces/crazyflie_interfaces/msg/detail/log_data_generic__builder.hpp
-- Installing: /home/coshow/COSHOW/ros2_ws/install/include/crazyflie_interfaces/crazyflie_interfaces/msg/detail/connection_statistics__builder.hpp
-- Installing: /home/coshow/COSHOW/ros2_ws/install/include/crazyflie_interfaces/crazyflie_interfaces/msg/detail/log_data_generic__traits.hpp
-- Installing: /home/coshow/COSHOW/ros2_ws/install/include/crazyflie_interfaces/crazyflie_interfaces/msg/detail/connection_statistics__traits.hpp
-- Installing: /home/coshow/COSHOW/ros2_ws/install/include/crazyflie_interfaces/crazyflie_interfaces/msg/detail/status__builder.hpp
-- Installing: /home/coshow/COSHOW/ros2_ws/install/include/crazyflie_interfaces/crazyflie_interfaces/msg/detail/log_block__builder.hpp
-- Installing: /home/coshow/COSHOW/ros2_ws/install/include/crazyflie_interfaces/crazyflie_interfaces/msg/detail/log_block__traits.hpp
-- Installing: /home/coshow/COSHOW/ros2_ws/install/include/crazyflie_interfaces/crazyflie_interfaces/msg/detail/hover__struct.hpp
-- Installing: /home/coshow/COSHOW/ros2_ws/install/include/crazyflie_interfaces/crazyflie_interfaces/msg/detail/full_state__type_support.hpp
-- Installing: /home/coshow/COSHOW/ros2_ws/install/include/crazyflie_interfaces/crazyflie_interfaces/msg/detail/status__type_support.hpp
-- Installing: /home/coshow/COSHOW/ros2_ws/install/include/crazyflie_interfaces/crazyflie_interfaces/msg/detail/velocity_world__struct.hpp
-- Installing: /home/coshow/COSHOW/ros2_ws/install/include/crazyflie_interfaces/crazyflie_interfaces/msg/detail/trajectory_polynomial_piece__builder.hpp
-- Installing: /home/coshow/COSHOW/ros2_ws/install/include/crazyflie_interfaces/crazyflie_interfaces/msg/detail/trajectory_polynomial_piece__struct.hpp
-- Installing: /home/coshow/COSHOW/ros2_ws/install/include/crazyflie_interfaces/crazyflie_interfaces/msg/detail/velocity_world__type_support.hpp
-- Installing: /home/coshow/COSHOW/ros2_ws/install/include/crazyflie_interfaces/crazyflie_interfaces/msg/detail/trajectory_polynomial_piece__traits.hpp
-- Installing: /home/coshow/COSHOW/ros2_ws/install/include/crazyflie_interfaces/crazyflie_interfaces/msg/detail/position__type_support.hpp
-- Installing: /home/coshow/COSHOW/ros2_ws/install/include/crazyflie_interfaces/crazyflie_interfaces/msg/detail/hover__traits.hpp
-- Installing: /home/coshow/COSHOW/ros2_ws/install/include/crazyflie_interfaces/crazyflie_interfaces/msg/detail/connection_statistics_array__traits.hpp
-- Installing: /home/coshow/COSHOW/ros2_ws/install/include/crazyflie_interfaces/crazyflie_interfaces/msg/detail/trajectory_polynomial_piece__type_support.hpp
-- Installing: /home/coshow/COSHOW/ros2_ws/install/include/crazyflie_interfaces/crazyflie_interfaces/msg/detail/log_data_generic__type_support.hpp
-- Installing: /home/coshow/COSHOW/ros2_ws/install/include/crazyflie_interfaces/crazyflie_interfaces/msg/detail/connection_statistics_array__type_support.hpp
-- Installing: /home/coshow/COSHOW/ros2_ws/install/include/crazyflie_interfaces/crazyflie_interfaces/msg/detail/status__traits.hpp
-- Installing: /home/coshow/COSHOW/ros2_ws/install/include/crazyflie_interfaces/crazyflie_interfaces/msg/detail/hover__type_support.hpp
-- Installing: /home/coshow/COSHOW/ros2_ws/install/include/crazyflie_interfaces/crazyflie_interfaces/msg/detail/position__struct.hpp
-- Installing: /home/coshow/COSHOW/ros2_ws/install/include/crazyflie_interfaces/crazyflie_interfaces/msg/detail/connection_statistics__struct.hpp
-- Installing: /home/coshow/COSHOW/ros2_ws/install/include/crazyflie_interfaces/crazyflie_interfaces/msg/detail/connection_statistics_array__builder.hpp
-- Installing: /home/coshow/COSHOW/ros2_ws/install/include/crazyflie_interfaces/crazyflie_interfaces/msg/detail/velocity_world__builder.hpp
-- Installing: /home/coshow/COSHOW/ros2_ws/install/include/crazyflie_interfaces/crazyflie_interfaces/msg/detail/log_data_generic__struct.hpp
-- Installing: /home/coshow/COSHOW/ros2_ws/install/include/crazyflie_interfaces/crazyflie_interfaces/msg/detail/full_state__traits.hpp
-- Installing: /home/coshow/COSHOW/ros2_ws/install/include/crazyflie_interfaces/crazyflie_interfaces/msg/detail/full_state__struct.hpp
-- Installing: /home/coshow/COSHOW/ros2_ws/install/include/crazyflie_interfaces/crazyflie_interfaces/msg/detail/log_block__type_support.hpp
-- Installing: /home/coshow/COSHOW/ros2_ws/install/include/crazyflie_interfaces/crazyflie_interfaces/msg/detail/connection_statistics_array__struct.hpp
-- Installing: /home/coshow/COSHOW/ros2_ws/install/include/crazyflie_interfaces/crazyflie_interfaces/msg/detail/connection_statistics__type_support.hpp
-- Installing: /home/coshow/COSHOW/ros2_ws/install/include/crazyflie_interfaces/crazyflie_interfaces/msg/detail/status__struct.hpp
-- Installing: /home/coshow/COSHOW/ros2_ws/install/include/crazyflie_interfaces/crazyflie_interfaces/msg/detail/position__builder.hpp
-- Installing: /home/coshow/COSHOW/ros2_ws/install/include/crazyflie_interfaces/crazyflie_interfaces/msg/detail/hover__builder.hpp
-- Installing: /home/coshow/COSHOW/ros2_ws/install/include/crazyflie_interfaces/crazyflie_interfaces/msg/detail/log_block__struct.hpp
-- Installing: /home/coshow/COSHOW/ros2_ws/install/include/crazyflie_interfaces/crazyflie_interfaces/msg/detail/position__traits.hpp
-- Installing: /home/coshow/COSHOW/ros2_ws/install/include/crazyflie_interfaces/crazyflie_interfaces/msg/log_data_generic.hpp
-- Installing: /home/coshow/COSHOW/ros2_ws/install/include/crazyflie_interfaces/crazyflie_interfaces/msg/position.hpp
-- Installing: /home/coshow/COSHOW/ros2_ws/install/include/crazyflie_interfaces/crazyflie_interfaces/msg/trajectory_polynomial_piece.hpp
-- Installing: /home/coshow/COSHOW/ros2_ws/install/include/crazyflie_interfaces/crazyflie_interfaces/msg/hover.hpp
-- Installing: /home/coshow/COSHOW/ros2_ws/install/include/crazyflie_interfaces/crazyflie_interfaces/msg/full_state.hpp
-- Installing: /home/coshow/COSHOW/ros2_ws/install/include/crazyflie_interfaces/crazyflie_interfaces/msg/velocity_world.hpp
-- Installing: /home/coshow/COSHOW/ros2_ws/install/include/crazyflie_interfaces/crazyflie_interfaces/msg/log_block.hpp
-- Installing: /home/coshow/COSHOW/ros2_ws/install/include/crazyflie_interfaces/crazyflie_interfaces/msg/connection_statistics.hpp
-- Installing: /home/coshow/COSHOW/ros2_ws/install/include/crazyflie_interfaces/crazyflie_interfaces/msg/status.hpp
-- Installing: /home/coshow/COSHOW/ros2_ws/install/include/crazyflie_interfaces/crazyflie_interfaces/msg/rosidl_generator_cpp__visibility_control.hpp
-- Installing: /home/coshow/COSHOW/ros2_ws/install/include/crazyflie_interfaces/crazyflie_interfaces/msg/connection_statistics_array.hpp
-- Up-to-date: /home/coshow/COSHOW/ros2_ws/install/include/crazyflie_interfaces/crazyflie_interfaces/srv
-- Up-to-date: /home/coshow/COSHOW/ros2_ws/install/include/crazyflie_interfaces/crazyflie_interfaces/srv/detail
-- Installing: /home/coshow/COSHOW/ros2_ws/install/include/crazyflie_interfaces/crazyflie_interfaces/srv/detail/remove_logging__struct.hpp
-- Installing: /home/coshow/COSHOW/ros2_ws/install/include/crazyflie_interfaces/crazyflie_interfaces/srv/detail/land__builder.hpp
-- Installing: /home/coshow/COSHOW/ros2_ws/install/include/crazyflie_interfaces/crazyflie_interfaces/srv/detail/add_logging__struct.hpp
-- Installing: /home/coshow/COSHOW/ros2_ws/install/include/crazyflie_interfaces/crazyflie_interfaces/srv/detail/takeoff__struct.hpp
-- Installing: /home/coshow/COSHOW/ros2_ws/install/include/crazyflie_interfaces/crazyflie_interfaces/srv/detail/upload_trajectory__traits.hpp
-- Installing: /home/coshow/COSHOW/ros2_ws/install/include/crazyflie_interfaces/crazyflie_interfaces/srv/detail/land__struct.hpp
-- Installing: /home/coshow/COSHOW/ros2_ws/install/include/crazyflie_interfaces/crazyflie_interfaces/srv/detail/update_params__type_support.hpp
-- Installing: /home/coshow/COSHOW/ros2_ws/install/include/crazyflie_interfaces/crazyflie_interfaces/srv/detail/add_logging__builder.hpp
-- Installing: /home/coshow/COSHOW/ros2_ws/install/include/crazyflie_interfaces/crazyflie_interfaces/srv/detail/stop__builder.hpp
-- Installing: /home/coshow/COSHOW/ros2_ws/install/include/crazyflie_interfaces/crazyflie_interfaces/srv/detail/takeoff__traits.hpp
-- Installing: /home/coshow/COSHOW/ros2_ws/install/include/crazyflie_interfaces/crazyflie_interfaces/srv/detail/takeoff__type_support.hpp
-- Installing: /home/coshow/COSHOW/ros2_ws/install/include/crazyflie_interfaces/crazyflie_interfaces/srv/detail/start_trajectory__struct.hpp
-- Installing: /home/coshow/COSHOW/ros2_ws/install/include/crazyflie_interfaces/crazyflie_interfaces/srv/detail/stop__traits.hpp
-- Installing: /home/coshow/COSHOW/ros2_ws/install/include/crazyflie_interfaces/crazyflie_interfaces/srv/detail/stop__type_support.hpp
-- Installing: /home/coshow/COSHOW/ros2_ws/install/include/crazyflie_interfaces/crazyflie_interfaces/srv/detail/arm__struct.hpp
-- Installing: /home/coshow/COSHOW/ros2_ws/install/include/crazyflie_interfaces/crazyflie_interfaces/srv/detail/notify_setpoints_stop__struct.hpp
-- Installing: /home/coshow/COSHOW/ros2_ws/install/include/crazyflie_interfaces/crazyflie_interfaces/srv/detail/takeoff__builder.hpp
-- Installing: /home/coshow/COSHOW/ros2_ws/install/include/crazyflie_interfaces/crazyflie_interfaces/srv/detail/go_to__type_support.hpp
-- Installing: /home/coshow/COSHOW/ros2_ws/install/include/crazyflie_interfaces/crazyflie_interfaces/srv/detail/notify_setpoints_stop__builder.hpp
-- Installing: /home/coshow/COSHOW/ros2_ws/install/include/crazyflie_interfaces/crazyflie_interfaces/srv/detail/add_logging__type_support.hpp
-- Installing: /home/coshow/COSHOW/ros2_ws/install/include/crazyflie_interfaces/crazyflie_interfaces/srv/detail/go_to__struct.hpp
-- Installing: /home/coshow/COSHOW/ros2_ws/install/include/crazyflie_interfaces/crazyflie_interfaces/srv/detail/land__type_support.hpp
-- Installing: /home/coshow/COSHOW/ros2_ws/install/include/crazyflie_interfaces/crazyflie_interfaces/srv/detail/notify_setpoints_stop__traits.hpp
-- Installing: /home/coshow/COSHOW/ros2_ws/install/include/crazyflie_interfaces/crazyflie_interfaces/srv/detail/update_params__traits.hpp
-- Installing: /home/coshow/COSHOW/ros2_ws/install/include/crazyflie_interfaces/crazyflie_interfaces/srv/detail/stop__struct.hpp
-- Installing: /home/coshow/COSHOW/ros2_ws/install/include/crazyflie_interfaces/crazyflie_interfaces/srv/detail/set_group_mask__builder.hpp
-- Installing: /home/coshow/COSHOW/ros2_ws/install/include/crazyflie_interfaces/crazyflie_interfaces/srv/detail/upload_trajectory__type_support.hpp
-- Installing: /home/coshow/COSHOW/ros2_ws/install/include/crazyflie_interfaces/crazyflie_interfaces/srv/detail/start_trajectory__traits.hpp
-- Installing: /home/coshow/COSHOW/ros2_ws/install/include/crazyflie_interfaces/crazyflie_interfaces/srv/detail/set_group_mask__struct.hpp
-- Installing: /home/coshow/COSHOW/ros2_ws/install/include/crazyflie_interfaces/crazyflie_interfaces/srv/detail/update_params__struct.hpp
-- Installing: /home/coshow/COSHOW/ros2_ws/install/include/crazyflie_interfaces/crazyflie_interfaces/srv/detail/set_group_mask__type_support.hpp
-- Installing: /home/coshow/COSHOW/ros2_ws/install/include/crazyflie_interfaces/crazyflie_interfaces/srv/detail/upload_trajectory__builder.hpp
-- Installing: /home/coshow/COSHOW/ros2_ws/install/include/crazyflie_interfaces/crazyflie_interfaces/srv/detail/go_to__builder.hpp
-- Installing: /home/coshow/COSHOW/ros2_ws/install/include/crazyflie_interfaces/crazyflie_interfaces/srv/detail/set_group_mask__traits.hpp
-- Installing: /home/coshow/COSHOW/ros2_ws/install/include/crazyflie_interfaces/crazyflie_interfaces/srv/detail/add_logging__traits.hpp
-- Installing: /home/coshow/COSHOW/ros2_ws/install/include/crazyflie_interfaces/crazyflie_interfaces/srv/detail/go_to__traits.hpp
-- Installing: /home/coshow/COSHOW/ros2_ws/install/include/crazyflie_interfaces/crazyflie_interfaces/srv/detail/arm__type_support.hpp
-- Installing: /home/coshow/COSHOW/ros2_ws/install/include/crazyflie_interfaces/crazyflie_interfaces/srv/detail/remove_logging__traits.hpp
-- Installing: /home/coshow/COSHOW/ros2_ws/install/include/crazyflie_interfaces/crazyflie_interfaces/srv/detail/land__traits.hpp
-- Installing: /home/coshow/COSHOW/ros2_ws/install/include/crazyflie_interfaces/crazyflie_interfaces/srv/detail/upload_trajectory__struct.hpp
-- Installing: /home/coshow/COSHOW/ros2_ws/install/include/crazyflie_interfaces/crazyflie_interfaces/srv/detail/notify_setpoints_stop__type_support.hpp
-- Installing: /home/coshow/COSHOW/ros2_ws/install/include/crazyflie_interfaces/crazyflie_interfaces/srv/detail/update_params__builder.hpp
-- Installing: /home/coshow/COSHOW/ros2_ws/install/include/crazyflie_interfaces/crazyflie_interfaces/srv/detail/start_trajectory__type_support.hpp
-- Installing: /home/coshow/COSHOW/ros2_ws/install/include/crazyflie_interfaces/crazyflie_interfaces/srv/detail/remove_logging__type_support.hpp
-- Installing: /home/coshow/COSHOW/ros2_ws/install/include/crazyflie_interfaces/crazyflie_interfaces/srv/detail/arm__traits.hpp
-- Installing: /home/coshow/COSHOW/ros2_ws/install/include/crazyflie_interfaces/crazyflie_interfaces/srv/detail/remove_logging__builder.hpp
-- Installing: /home/coshow/COSHOW/ros2_ws/install/include/crazyflie_interfaces/crazyflie_interfaces/srv/detail/arm__builder.hpp
-- Installing: /home/coshow/COSHOW/ros2_ws/install/include/crazyflie_interfaces/crazyflie_interfaces/srv/detail/start_trajectory__builder.hpp
-- Installing: /home/coshow/COSHOW/ros2_ws/install/include/crazyflie_interfaces/crazyflie_interfaces/srv/go_to.hpp
-- Installing: /home/coshow/COSHOW/ros2_ws/install/include/crazyflie_interfaces/crazyflie_interfaces/srv/arm.hpp
-- Installing: /home/coshow/COSHOW/ros2_ws/install/include/crazyflie_interfaces/crazyflie_interfaces/srv/update_params.hpp
-- Installing: /home/coshow/COSHOW/ros2_ws/install/include/crazyflie_interfaces/crazyflie_interfaces/srv/land.hpp
-- Installing: /home/coshow/COSHOW/ros2_ws/install/include/crazyflie_interfaces/crazyflie_interfaces/srv/takeoff.hpp
-- Installing: /home/coshow/COSHOW/ros2_ws/install/include/crazyflie_interfaces/crazyflie_interfaces/srv/remove_logging.hpp
-- Installing: /home/coshow/COSHOW/ros2_ws/install/include/crazyflie_interfaces/crazyflie_interfaces/srv/stop.hpp
-- Installing: /home/coshow/COSHOW/ros2_ws/install/include/crazyflie_interfaces/crazyflie_interfaces/srv/add_logging.hpp
-- Installing: /home/coshow/COSHOW/ros2_ws/install/include/crazyflie_interfaces/crazyflie_interfaces/srv/start_trajectory.hpp
-- Installing: /home/coshow/COSHOW/ros2_ws/install/include/crazyflie_interfaces/crazyflie_interfaces/srv/upload_trajectory.hpp
-- Installing: /home/coshow/COSHOW/ros2_ws/install/include/crazyflie_interfaces/crazyflie_interfaces/srv/set_group_mask.hpp
-- Installing: /home/coshow/COSHOW/ros2_ws/install/include/crazyflie_interfaces/crazyflie_interfaces/srv/notify_setpoints_stop.hpp
-- Up-to-date: /home/coshow/COSHOW/ros2_ws/install/include/crazyflie_interfaces/crazyflie_interfaces
-- Up-to-date: /home/coshow/COSHOW/ros2_ws/install/include/crazyflie_interfaces/crazyflie_interfaces/msg
-- Up-to-date: /home/coshow/COSHOW/ros2_ws/install/include/crazyflie_interfaces/crazyflie_interfaces/msg/detail
-- Installing: /home/coshow/COSHOW/ros2_ws/install/include/crazyflie_interfaces/crazyflie_interfaces/msg/detail/trajectory_polynomial_piece__rosidl_typesupport_fastrtps_cpp.hpp
-- Installing: /home/coshow/COSHOW/ros2_ws/install/include/crazyflie_interfaces/crazyflie_interfaces/msg/detail/hover__rosidl_typesupport_fastrtps_cpp.hpp
-- Installing: /home/coshow/COSHOW/ros2_ws/install/include/crazyflie_interfaces/crazyflie_interfaces/msg/detail/connection_statistics__rosidl_typesupport_fastrtps_cpp.hpp
-- Installing: /home/coshow/COSHOW/ros2_ws/install/include/crazyflie_interfaces/crazyflie_interfaces/msg/detail/full_state__rosidl_typesupport_fastrtps_cpp.hpp
-- Installing: /home/coshow/COSHOW/ros2_ws/install/include/crazyflie_interfaces/crazyflie_interfaces/msg/detail/connection_statistics_array__rosidl_typesupport_fastrtps_cpp.hpp
-- Installing: /home/coshow/COSHOW/ros2_ws/install/include/crazyflie_interfaces/crazyflie_interfaces/msg/detail/dds_fastrtps
-- Installing: /home/coshow/COSHOW/ros2_ws/install/include/crazyflie_interfaces/crazyflie_interfaces/msg/detail/position__rosidl_typesupport_fastrtps_cpp.hpp
-- Installing: /home/coshow/COSHOW/ros2_ws/install/include/crazyflie_interfaces/crazyflie_interfaces/msg/detail/velocity_world__rosidl_typesupport_fastrtps_cpp.hpp
-- Installing: /home/coshow/COSHOW/ros2_ws/install/include/crazyflie_interfaces/crazyflie_interfaces/msg/detail/log_data_generic__rosidl_typesupport_fastrtps_cpp.hpp
-- Installing: /home/coshow/COSHOW/ros2_ws/install/include/crazyflie_interfaces/crazyflie_interfaces/msg/detail/log_block__rosidl_typesupport_fastrtps_cpp.hpp
-- Installing: /home/coshow/COSHOW/ros2_ws/install/include/crazyflie_interfaces/crazyflie_interfaces/msg/detail/status__rosidl_typesupport_fastrtps_cpp.hpp
-- Installing: /home/coshow/COSHOW/ros2_ws/install/include/crazyflie_interfaces/crazyflie_interfaces/msg/rosidl_typesupport_fastrtps_cpp__visibility_control.h
-- Up-to-date: /home/coshow/COSHOW/ros2_ws/install/include/crazyflie_interfaces/crazyflie_interfaces/srv
-- Up-to-date: /home/coshow/COSHOW/ros2_ws/install/include/crazyflie_interfaces/crazyflie_interfaces/srv/detail
-- Installing: /home/coshow/COSHOW/ros2_ws/install/include/crazyflie_interfaces/crazyflie_interfaces/srv/detail/remove_logging__rosidl_typesupport_fastrtps_cpp.hpp
-- Installing: /home/coshow/COSHOW/ros2_ws/install/include/crazyflie_interfaces/crazyflie_interfaces/srv/detail/go_to__rosidl_typesupport_fastrtps_cpp.hpp
-- Installing: /home/coshow/COSHOW/ros2_ws/install/include/crazyflie_interfaces/crazyflie_interfaces/srv/detail/set_group_mask__rosidl_typesupport_fastrtps_cpp.hpp
-- Installing: /home/coshow/COSHOW/ros2_ws/install/include/crazyflie_interfaces/crazyflie_interfaces/srv/detail/start_trajectory__rosidl_typesupport_fastrtps_cpp.hpp
-- Installing: /home/coshow/COSHOW/ros2_ws/install/include/crazyflie_interfaces/crazyflie_interfaces/srv/detail/dds_fastrtps
-- Installing: /home/coshow/COSHOW/ros2_ws/install/include/crazyflie_interfaces/crazyflie_interfaces/srv/detail/land__rosidl_typesupport_fastrtps_cpp.hpp
-- Installing: /home/coshow/COSHOW/ros2_ws/install/include/crazyflie_interfaces/crazyflie_interfaces/srv/detail/takeoff__rosidl_typesupport_fastrtps_cpp.hpp
-- Installing: /home/coshow/COSHOW/ros2_ws/install/include/crazyflie_interfaces/crazyflie_interfaces/srv/detail/upload_trajectory__rosidl_typesupport_fastrtps_cpp.hpp
-- Installing: /home/coshow/COSHOW/ros2_ws/install/include/crazyflie_interfaces/crazyflie_interfaces/srv/detail/arm__rosidl_typesupport_fastrtps_cpp.hpp
-- Installing: /home/coshow/COSHOW/ros2_ws/install/include/crazyflie_interfaces/crazyflie_interfaces/srv/detail/add_logging__rosidl_typesupport_fastrtps_cpp.hpp
-- Installing: /home/coshow/COSHOW/ros2_ws/install/include/crazyflie_interfaces/crazyflie_interfaces/srv/detail/update_params__rosidl_typesupport_fastrtps_cpp.hpp
-- Installing: /home/coshow/COSHOW/ros2_ws/install/include/crazyflie_interfaces/crazyflie_interfaces/srv/detail/notify_setpoints_stop__rosidl_typesupport_fastrtps_cpp.hpp
-- Installing: /home/coshow/COSHOW/ros2_ws/install/include/crazyflie_interfaces/crazyflie_interfaces/srv/detail/stop__rosidl_typesupport_fastrtps_cpp.hpp
-- Installing: /home/coshow/COSHOW/ros2_ws/install/lib/libcrazyflie_interfaces__rosidl_typesupport_fastrtps_cpp.so
-- Set runtime path of "/home/coshow/COSHOW/ros2_ws/install/lib/libcrazyflie_interfaces__rosidl_typesupport_fastrtps_cpp.so" to ""
-- Up-to-date: /home/coshow/COSHOW/ros2_ws/install/include/crazyflie_interfaces/crazyflie_interfaces
-- Up-to-date: /home/coshow/COSHOW/ros2_ws/install/include/crazyflie_interfaces/crazyflie_interfaces/msg
-- Up-to-date: /home/coshow/COSHOW/ros2_ws/install/include/crazyflie_interfaces/crazyflie_interfaces/msg/detail
-- Installing: /home/coshow/COSHOW/ros2_ws/install/include/crazyflie_interfaces/crazyflie_interfaces/msg/detail/full_state__rosidl_typesupport_introspection_c.h
-- Installing: /home/coshow/COSHOW/ros2_ws/install/include/crazyflie_interfaces/crazyflie_interfaces/msg/detail/trajectory_polynomial_piece__type_support.c
-- Installing: /home/coshow/COSHOW/ros2_ws/install/include/crazyflie_interfaces/crazyflie_interfaces/msg/detail/log_block__type_support.c
-- Installing: /home/coshow/COSHOW/ros2_ws/install/include/crazyflie_interfaces/crazyflie_interfaces/msg/detail/hover__type_support.c
-- Installing: /home/coshow/COSHOW/ros2_ws/install/include/crazyflie_interfaces/crazyflie_interfaces/msg/detail/log_data_generic__rosidl_typesupport_introspection_c.h
-- Installing: /home/coshow/COSHOW/ros2_ws/install/include/crazyflie_interfaces/crazyflie_interfaces/msg/detail/velocity_world__type_support.c
-- Installing: /home/coshow/COSHOW/ros2_ws/install/include/crazyflie_interfaces/crazyflie_interfaces/msg/detail/log_block__rosidl_typesupport_introspection_c.h
-- Installing: /home/coshow/COSHOW/ros2_ws/install/include/crazyflie_interfaces/crazyflie_interfaces/msg/detail/status__rosidl_typesupport_introspection_c.h
-- Installing: /home/coshow/COSHOW/ros2_ws/install/include/crazyflie_interfaces/crazyflie_interfaces/msg/detail/connection_statistics_array__type_support.c
-- Installing: /home/coshow/COSHOW/ros2_ws/install/include/crazyflie_interfaces/crazyflie_interfaces/msg/detail/connection_statistics__type_support.c
-- Installing: /home/coshow/COSHOW/ros2_ws/install/include/crazyflie_interfaces/crazyflie_interfaces/msg/detail/connection_statistics_array__rosidl_typesupport_introspection_c.h
-- Installing: /home/coshow/COSHOW/ros2_ws/install/include/crazyflie_interfaces/crazyflie_interfaces/msg/detail/position__type_support.c
-- Installing: /home/coshow/COSHOW/ros2_ws/install/include/crazyflie_interfaces/crazyflie_interfaces/msg/detail/log_data_generic__type_support.c
-- Installing: /home/coshow/COSHOW/ros2_ws/install/include/crazyflie_interfaces/crazyflie_interfaces/msg/detail/connection_statistics__rosidl_typesupport_introspection_c.h
-- Installing: /home/coshow/COSHOW/ros2_ws/install/include/crazyflie_interfaces/crazyflie_interfaces/msg/detail/velocity_world__rosidl_typesupport_introspection_c.h
-- Installing: /home/coshow/COSHOW/ros2_ws/install/include/crazyflie_interfaces/crazyflie_interfaces/msg/detail/trajectory_polynomial_piece__rosidl_typesupport_introspection_c.h
-- Installing: /home/coshow/COSHOW/ros2_ws/install/include/crazyflie_interfaces/crazyflie_interfaces/msg/detail/full_state__type_support.c
-- Installing: /home/coshow/COSHOW/ros2_ws/install/include/crazyflie_interfaces/crazyflie_interfaces/msg/detail/hover__rosidl_typesupport_introspection_c.h
-- Installing: /home/coshow/COSHOW/ros2_ws/install/include/crazyflie_interfaces/crazyflie_interfaces/msg/detail/status__type_support.c
-- Installing: /home/coshow/COSHOW/ros2_ws/install/include/crazyflie_interfaces/crazyflie_interfaces/msg/detail/position__rosidl_typesupport_introspection_c.h
-- Installing: /home/coshow/COSHOW/ros2_ws/install/include/crazyflie_interfaces/crazyflie_interfaces/msg/rosidl_typesupport_introspection_c__visibility_control.h
-- Up-to-date: /home/coshow/COSHOW/ros2_ws/install/include/crazyflie_interfaces/crazyflie_interfaces/srv
-- Up-to-date: /home/coshow/COSHOW/ros2_ws/install/include/crazyflie_interfaces/crazyflie_interfaces/srv/detail
-- Installing: /home/coshow/COSHOW/ros2_ws/install/include/crazyflie_interfaces/crazyflie_interfaces/srv/detail/add_logging__type_support.c
-- Installing: /home/coshow/COSHOW/ros2_ws/install/include/crazyflie_interfaces/crazyflie_interfaces/srv/detail/set_group_mask__type_support.c
-- Installing: /home/coshow/COSHOW/ros2_ws/install/include/crazyflie_interfaces/crazyflie_interfaces/srv/detail/go_to__type_support.c
-- Installing: /home/coshow/COSHOW/ros2_ws/install/include/crazyflie_interfaces/crazyflie_interfaces/srv/detail/set_group_mask__rosidl_typesupport_introspection_c.h
-- Installing: /home/coshow/COSHOW/ros2_ws/install/include/crazyflie_interfaces/crazyflie_interfaces/srv/detail/upload_trajectory__rosidl_typesupport_introspection_c.h
-- Installing: /home/coshow/COSHOW/ros2_ws/install/include/crazyflie_interfaces/crazyflie_interfaces/srv/detail/notify_setpoints_stop__type_support.c
-- Installing: /home/coshow/COSHOW/ros2_ws/install/include/crazyflie_interfaces/crazyflie_interfaces/srv/detail/arm__rosidl_typesupport_introspection_c.h
-- Installing: /home/coshow/COSHOW/ros2_ws/install/include/crazyflie_interfaces/crazyflie_interfaces/srv/detail/upload_trajectory__type_support.c
-- Installing: /home/coshow/COSHOW/ros2_ws/install/include/crazyflie_interfaces/crazyflie_interfaces/srv/detail/update_params__type_support.c
-- Installing: /home/coshow/COSHOW/ros2_ws/install/include/crazyflie_interfaces/crazyflie_interfaces/srv/detail/takeoff__type_support.c
-- Installing: /home/coshow/COSHOW/ros2_ws/install/include/crazyflie_interfaces/crazyflie_interfaces/srv/detail/stop__type_support.c
-- Installing: /home/coshow/COSHOW/ros2_ws/install/include/crazyflie_interfaces/crazyflie_interfaces/srv/detail/start_trajectory__rosidl_typesupport_introspection_c.h
-- Installing: /home/coshow/COSHOW/ros2_ws/install/include/crazyflie_interfaces/crazyflie_interfaces/srv/detail/update_params__rosidl_typesupport_introspection_c.h
-- Installing: /home/coshow/COSHOW/ros2_ws/install/include/crazyflie_interfaces/crazyflie_interfaces/srv/detail/arm__type_support.c
-- Installing: /home/coshow/COSHOW/ros2_ws/install/include/crazyflie_interfaces/crazyflie_interfaces/srv/detail/add_logging__rosidl_typesupport_introspection_c.h
-- Installing: /home/coshow/COSHOW/ros2_ws/install/include/crazyflie_interfaces/crazyflie_interfaces/srv/detail/notify_setpoints_stop__rosidl_typesupport_introspection_c.h
-- Installing: /home/coshow/COSHOW/ros2_ws/install/include/crazyflie_interfaces/crazyflie_interfaces/srv/detail/remove_logging__type_support.c
-- Installing: /home/coshow/COSHOW/ros2_ws/install/include/crazyflie_interfaces/crazyflie_interfaces/srv/detail/land__type_support.c
-- Installing: /home/coshow/COSHOW/ros2_ws/install/include/crazyflie_interfaces/crazyflie_interfaces/srv/detail/start_trajectory__type_support.c
-- Installing: /home/coshow/COSHOW/ros2_ws/install/include/crazyflie_interfaces/crazyflie_interfaces/srv/detail/stop__rosidl_typesupport_introspection_c.h
-- Installing: /home/coshow/COSHOW/ros2_ws/install/include/crazyflie_interfaces/crazyflie_interfaces/srv/detail/go_to__rosidl_typesupport_introspection_c.h
-- Installing: /home/coshow/COSHOW/ros2_ws/install/include/crazyflie_interfaces/crazyflie_interfaces/srv/detail/remove_logging__rosidl_typesupport_introspection_c.h
-- Installing: /home/coshow/COSHOW/ros2_ws/install/include/crazyflie_interfaces/crazyflie_interfaces/srv/detail/takeoff__rosidl_typesupport_introspection_c.h
-- Installing: /home/coshow/COSHOW/ros2_ws/install/include/crazyflie_interfaces/crazyflie_interfaces/srv/detail/land__rosidl_typesupport_introspection_c.h
-- Installing: /home/coshow/COSHOW/ros2_ws/install/lib/libcrazyflie_interfaces__rosidl_typesupport_introspection_c.so
-- Set runtime path of "/home/coshow/COSHOW/ros2_ws/install/lib/libcrazyflie_interfaces__rosidl_typesupport_introspection_c.so" to ""
-- Installing: /home/coshow/COSHOW/ros2_ws/install/lib/libcrazyflie_interfaces__rosidl_typesupport_c.so
-- Set runtime path of "/home/coshow/COSHOW/ros2_ws/install/lib/libcrazyflie_interfaces__rosidl_typesupport_c.so" to ""
-- Up-to-date: /home/coshow/COSHOW/ros2_ws/install/include/crazyflie_interfaces/crazyflie_interfaces
-- Up-to-date: /home/coshow/COSHOW/ros2_ws/install/include/crazyflie_interfaces/crazyflie_interfaces/msg
-- Up-to-date: /home/coshow/COSHOW/ros2_ws/install/include/crazyflie_interfaces/crazyflie_interfaces/msg/detail
-- Installing: /home/coshow/COSHOW/ros2_ws/install/include/crazyflie_interfaces/crazyflie_interfaces/msg/detail/hover__rosidl_typesupport_introspection_cpp.hpp
-- Installing: /home/coshow/COSHOW/ros2_ws/install/include/crazyflie_interfaces/crazyflie_interfaces/msg/detail/trajectory_polynomial_piece__rosidl_typesupport_introspection_cpp.hpp
-- Installing: /home/coshow/COSHOW/ros2_ws/install/include/crazyflie_interfaces/crazyflie_interfaces/msg/detail/status__rosidl_typesupport_introspection_cpp.hpp
-- Installing: /home/coshow/COSHOW/ros2_ws/install/include/crazyflie_interfaces/crazyflie_interfaces/msg/detail/trajectory_polynomial_piece__type_support.cpp
-- Installing: /home/coshow/COSHOW/ros2_ws/install/include/crazyflie_interfaces/crazyflie_interfaces/msg/detail/status__type_support.cpp
-- Installing: /home/coshow/COSHOW/ros2_ws/install/include/crazyflie_interfaces/crazyflie_interfaces/msg/detail/log_data_generic__rosidl_typesupport_introspection_cpp.hpp
-- Installing: /home/coshow/COSHOW/ros2_ws/install/include/crazyflie_interfaces/crazyflie_interfaces/msg/detail/connection_statistics__rosidl_typesupport_introspection_cpp.hpp
-- Installing: /home/coshow/COSHOW/ros2_ws/install/include/crazyflie_interfaces/crazyflie_interfaces/msg/detail/full_state__rosidl_typesupport_introspection_cpp.hpp
-- Installing: /home/coshow/COSHOW/ros2_ws/install/include/crazyflie_interfaces/crazyflie_interfaces/msg/detail/velocity_world__rosidl_typesupport_introspection_cpp.hpp
-- Installing: /home/coshow/COSHOW/ros2_ws/install/include/crazyflie_interfaces/crazyflie_interfaces/msg/detail/connection_statistics__type_support.cpp
-- Installing: /home/coshow/COSHOW/ros2_ws/install/include/crazyflie_interfaces/crazyflie_interfaces/msg/detail/log_block__rosidl_typesupport_introspection_cpp.hpp
-- Installing: /home/coshow/COSHOW/ros2_ws/install/include/crazyflie_interfaces/crazyflie_interfaces/msg/detail/position__type_support.cpp
-- Installing: /home/coshow/COSHOW/ros2_ws/install/include/crazyflie_interfaces/crazyflie_interfaces/msg/detail/log_data_generic__type_support.cpp
-- Installing: /home/coshow/COSHOW/ros2_ws/install/include/crazyflie_interfaces/crazyflie_interfaces/msg/detail/position__rosidl_typesupport_introspection_cpp.hpp
-- Installing: /home/coshow/COSHOW/ros2_ws/install/include/crazyflie_interfaces/crazyflie_interfaces/msg/detail/velocity_world__type_support.cpp
-- Installing: /home/coshow/COSHOW/ros2_ws/install/include/crazyflie_interfaces/crazyflie_interfaces/msg/detail/connection_statistics_array__type_support.cpp
-- Installing: /home/coshow/COSHOW/ros2_ws/install/include/crazyflie_interfaces/crazyflie_interfaces/msg/detail/full_state__type_support.cpp
-- Installing: /home/coshow/COSHOW/ros2_ws/install/include/crazyflie_interfaces/crazyflie_interfaces/msg/detail/hover__type_support.cpp
-- Installing: /home/coshow/COSHOW/ros2_ws/install/include/crazyflie_interfaces/crazyflie_interfaces/msg/detail/log_block__type_support.cpp
-- Installing: /home/coshow/COSHOW/ros2_ws/install/include/crazyflie_interfaces/crazyflie_interfaces/msg/detail/connection_statistics_array__rosidl_typesupport_introspection_cpp.hpp
-- Up-to-date: /home/coshow/COSHOW/ros2_ws/install/include/crazyflie_interfaces/crazyflie_interfaces/srv
-- Up-to-date: /home/coshow/COSHOW/ros2_ws/install/include/crazyflie_interfaces/crazyflie_interfaces/srv/detail
-- Installing: /home/coshow/COSHOW/ros2_ws/install/include/crazyflie_interfaces/crazyflie_interfaces/srv/detail/go_to__rosidl_typesupport_introspection_cpp.hpp
-- Installing: /home/coshow/COSHOW/ros2_ws/install/include/crazyflie_interfaces/crazyflie_interfaces/srv/detail/takeoff__rosidl_typesupport_introspection_cpp.hpp
-- Installing: /home/coshow/COSHOW/ros2_ws/install/include/crazyflie_interfaces/crazyflie_interfaces/srv/detail/stop__rosidl_typesupport_introspection_cpp.hpp
-- Installing: /home/coshow/COSHOW/ros2_ws/install/include/crazyflie_interfaces/crazyflie_interfaces/srv/detail/add_logging__type_support.cpp
-- Installing: /home/coshow/COSHOW/ros2_ws/install/include/crazyflie_interfaces/crazyflie_interfaces/srv/detail/upload_trajectory__rosidl_typesupport_introspection_cpp.hpp
-- Installing: /home/coshow/COSHOW/ros2_ws/install/include/crazyflie_interfaces/crazyflie_interfaces/srv/detail/remove_logging__type_support.cpp
-- Installing: /home/coshow/COSHOW/ros2_ws/install/include/crazyflie_interfaces/crazyflie_interfaces/srv/detail/start_trajectory__rosidl_typesupport_introspection_cpp.hpp
-- Installing: /home/coshow/COSHOW/ros2_ws/install/include/crazyflie_interfaces/crazyflie_interfaces/srv/detail/takeoff__type_support.cpp
-- Installing: /home/coshow/COSHOW/ros2_ws/install/include/crazyflie_interfaces/crazyflie_interfaces/srv/detail/go_to__type_support.cpp
-- Installing: /home/coshow/COSHOW/ros2_ws/install/include/crazyflie_interfaces/crazyflie_interfaces/srv/detail/add_logging__rosidl_typesupport_introspection_cpp.hpp
-- Installing: /home/coshow/COSHOW/ros2_ws/install/include/crazyflie_interfaces/crazyflie_interfaces/srv/detail/update_params__type_support.cpp
-- Installing: /home/coshow/COSHOW/ros2_ws/install/include/crazyflie_interfaces/crazyflie_interfaces/srv/detail/set_group_mask__type_support.cpp
-- Installing: /home/coshow/COSHOW/ros2_ws/install/include/crazyflie_interfaces/crazyflie_interfaces/srv/detail/notify_setpoints_stop__rosidl_typesupport_introspection_cpp.hpp
-- Installing: /home/coshow/COSHOW/ros2_ws/install/include/crazyflie_interfaces/crazyflie_interfaces/srv/detail/land__rosidl_typesupport_introspection_cpp.hpp
-- Installing: /home/coshow/COSHOW/ros2_ws/install/include/crazyflie_interfaces/crazyflie_interfaces/srv/detail/upload_trajectory__type_support.cpp
-- Installing: /home/coshow/COSHOW/ros2_ws/install/include/crazyflie_interfaces/crazyflie_interfaces/srv/detail/set_group_mask__rosidl_typesupport_introspection_cpp.hpp
-- Installing: /home/coshow/COSHOW/ros2_ws/install/include/crazyflie_interfaces/crazyflie_interfaces/srv/detail/start_trajectory__type_support.cpp
-- Installing: /home/coshow/COSHOW/ros2_ws/install/include/crazyflie_interfaces/crazyflie_interfaces/srv/detail/arm__type_support.cpp
-- Installing: /home/coshow/COSHOW/ros2_ws/install/include/crazyflie_interfaces/crazyflie_interfaces/srv/detail/update_params__rosidl_typesupport_introspection_cpp.hpp
-- Installing: /home/coshow/COSHOW/ros2_ws/install/include/crazyflie_interfaces/crazyflie_interfaces/srv/detail/land__type_support.cpp
-- Installing: /home/coshow/COSHOW/ros2_ws/install/include/crazyflie_interfaces/crazyflie_interfaces/srv/detail/notify_setpoints_stop__type_support.cpp
-- Installing: /home/coshow/COSHOW/ros2_ws/install/include/crazyflie_interfaces/crazyflie_interfaces/srv/detail/stop__type_support.cpp
-- Installing: /home/coshow/COSHOW/ros2_ws/install/include/crazyflie_interfaces/crazyflie_interfaces/srv/detail/arm__rosidl_typesupport_introspection_cpp.hpp
-- Installing: /home/coshow/COSHOW/ros2_ws/install/include/crazyflie_interfaces/crazyflie_interfaces/srv/detail/remove_logging__rosidl_typesupport_introspection_cpp.hpp
-- Installing: /home/coshow/COSHOW/ros2_ws/install/lib/libcrazyflie_interfaces__rosidl_typesupport_introspection_cpp.so
-- Set runtime path of "/home/coshow/COSHOW/ros2_ws/install/lib/libcrazyflie_interfaces__rosidl_typesupport_introspection_cpp.so" to ""
-- Installing: /home/coshow/COSHOW/ros2_ws/install/lib/libcrazyflie_interfaces__rosidl_typesupport_cpp.so
-- Set runtime path of "/home/coshow/COSHOW/ros2_ws/install/lib/libcrazyflie_interfaces__rosidl_typesupport_cpp.so" to ""
-- Installing: /home/coshow/COSHOW/ros2_ws/install/share/crazyflie_interfaces/environment/pythonpath.sh
-- Installing: /home/coshow/COSHOW/ros2_ws/install/share/crazyflie_interfaces/environment/pythonpath.dsv
-- Installing: /home/coshow/COSHOW/ros2_ws/install/local/lib/python3.10/dist-packages/crazyflie_interfaces-1.0.5-py3.10.egg-info
-- Installing: /home/coshow/COSHOW/ros2_ws/install/local/lib/python3.10/dist-packages/crazyflie_interfaces-1.0.5-py3.10.egg-info/SOURCES.txt
-- Installing: /home/coshow/COSHOW/ros2_ws/install/local/lib/python3.10/dist-packages/crazyflie_interfaces-1.0.5-py3.10.egg-info/dependency_links.txt
-- Installing: /home/coshow/COSHOW/ros2_ws/install/local/lib/python3.10/dist-packages/crazyflie_interfaces-1.0.5-py3.10.egg-info/top_level.txt
-- Installing: /home/coshow/COSHOW/ros2_ws/install/local/lib/python3.10/dist-packages/crazyflie_interfaces-1.0.5-py3.10.egg-info/PKG-INFO
-- Installing: /home/coshow/COSHOW/ros2_ws/install/local/lib/python3.10/dist-packages/crazyflie_interfaces
-- Installing: /home/coshow/COSHOW/ros2_ws/install/local/lib/python3.10/dist-packages/crazyflie_interfaces/crazyflie_interfaces_s__rosidl_typesupport_fastrtps_c.cpython-310-aarch64-linux-gnu.so
-- Installing: /home/coshow/COSHOW/ros2_ws/install/local/lib/python3.10/dist-packages/crazyflie_interfaces/msg
-- Installing: /home/coshow/COSHOW/ros2_ws/install/local/lib/python3.10/dist-packages/crazyflie_interfaces/msg/_status_s.c
-- Installing: /home/coshow/COSHOW/ros2_ws/install/local/lib/python3.10/dist-packages/crazyflie_interfaces/msg/_connection_statistics.py
-- Installing: /home/coshow/COSHOW/ros2_ws/install/local/lib/python3.10/dist-packages/crazyflie_interfaces/msg/_hover_s.c
-- Installing: /home/coshow/COSHOW/ros2_ws/install/local/lib/python3.10/dist-packages/crazyflie_interfaces/msg/_hover.py
-- Installing: /home/coshow/COSHOW/ros2_ws/install/local/lib/python3.10/dist-packages/crazyflie_interfaces/msg/_full_state_s.c
-- Installing: /home/coshow/COSHOW/ros2_ws/install/local/lib/python3.10/dist-packages/crazyflie_interfaces/msg/_log_data_generic_s.c
-- Installing: /home/coshow/COSHOW/ros2_ws/install/local/lib/python3.10/dist-packages/crazyflie_interfaces/msg/_velocity_world.py
-- Installing: /home/coshow/COSHOW/ros2_ws/install/local/lib/python3.10/dist-packages/crazyflie_interfaces/msg/_trajectory_polynomial_piece.py
-- Installing: /home/coshow/COSHOW/ros2_ws/install/local/lib/python3.10/dist-packages/crazyflie_interfaces/msg/_connection_statistics_array.py
-- Installing: /home/coshow/COSHOW/ros2_ws/install/local/lib/python3.10/dist-packages/crazyflie_interfaces/msg/_velocity_world_s.c
-- Installing: /home/coshow/COSHOW/ros2_ws/install/local/lib/python3.10/dist-packages/crazyflie_interfaces/msg/_status.py
-- Installing: /home/coshow/COSHOW/ros2_ws/install/local/lib/python3.10/dist-packages/crazyflie_interfaces/msg/_log_block_s.c
-- Installing: /home/coshow/COSHOW/ros2_ws/install/local/lib/python3.10/dist-packages/crazyflie_interfaces/msg/_log_block.py
-- Installing: /home/coshow/COSHOW/ros2_ws/install/local/lib/python3.10/dist-packages/crazyflie_interfaces/msg/_connection_statistics_s.c
-- Installing: /home/coshow/COSHOW/ros2_ws/install/local/lib/python3.10/dist-packages/crazyflie_interfaces/msg/_log_data_generic.py
-- Installing: /home/coshow/COSHOW/ros2_ws/install/local/lib/python3.10/dist-packages/crazyflie_interfaces/msg/_position.py
-- Installing: /home/coshow/COSHOW/ros2_ws/install/local/lib/python3.10/dist-packages/crazyflie_interfaces/msg/__init__.py
-- Installing: /home/coshow/COSHOW/ros2_ws/install/local/lib/python3.10/dist-packages/crazyflie_interfaces/msg/_position_s.c
-- Installing: /home/coshow/COSHOW/ros2_ws/install/local/lib/python3.10/dist-packages/crazyflie_interfaces/msg/_connection_statistics_array_s.c
-- Installing: /home/coshow/COSHOW/ros2_ws/install/local/lib/python3.10/dist-packages/crazyflie_interfaces/msg/_trajectory_polynomial_piece_s.c
-- Installing: /home/coshow/COSHOW/ros2_ws/install/local/lib/python3.10/dist-packages/crazyflie_interfaces/msg/_full_state.py
-- Installing: /home/coshow/COSHOW/ros2_ws/install/local/lib/python3.10/dist-packages/crazyflie_interfaces/crazyflie_interfaces_s__rosidl_typesupport_c.cpython-310-aarch64-linux-gnu.so
-- Installing: /home/coshow/COSHOW/ros2_ws/install/local/lib/python3.10/dist-packages/crazyflie_interfaces/crazyflie_interfaces_s__rosidl_typesupport_introspection_c.cpython-310-aarch64-linux-gnu.so
-- Installing: /home/coshow/COSHOW/ros2_ws/install/local/lib/python3.10/dist-packages/crazyflie_interfaces/_crazyflie_interfaces_s.ep.rosidl_typesupport_introspection_c.c
-- Installing: /home/coshow/COSHOW/ros2_ws/install/local/lib/python3.10/dist-packages/crazyflie_interfaces/libcrazyflie_interfaces__rosidl_generator_py.so
-- Installing: /home/coshow/COSHOW/ros2_ws/install/local/lib/python3.10/dist-packages/crazyflie_interfaces/srv
-- Installing: /home/coshow/COSHOW/ros2_ws/install/local/lib/python3.10/dist-packages/crazyflie_interfaces/srv/_land_s.c
-- Installing: /home/coshow/COSHOW/ros2_ws/install/local/lib/python3.10/dist-packages/crazyflie_interfaces/srv/_land.py
-- Installing: /home/coshow/COSHOW/ros2_ws/install/local/lib/python3.10/dist-packages/crazyflie_interfaces/srv/_takeoff.py
-- Installing: /home/coshow/COSHOW/ros2_ws/install/local/lib/python3.10/dist-packages/crazyflie_interfaces/srv/_upload_trajectory_s.c
-- Installing: /home/coshow/COSHOW/ros2_ws/install/local/lib/python3.10/dist-packages/crazyflie_interfaces/srv/_remove_logging.py
-- Installing: /home/coshow/COSHOW/ros2_ws/install/local/lib/python3.10/dist-packages/crazyflie_interfaces/srv/_arm_s.c
-- Installing: /home/coshow/COSHOW/ros2_ws/install/local/lib/python3.10/dist-packages/crazyflie_interfaces/srv/_stop.py
-- Installing: /home/coshow/COSHOW/ros2_ws/install/local/lib/python3.10/dist-packages/crazyflie_interfaces/srv/_stop_s.c
-- Installing: /home/coshow/COSHOW/ros2_ws/install/local/lib/python3.10/dist-packages/crazyflie_interfaces/srv/_add_logging_s.c
-- Installing: /home/coshow/COSHOW/ros2_ws/install/local/lib/python3.10/dist-packages/crazyflie_interfaces/srv/_upload_trajectory.py
-- Installing: /home/coshow/COSHOW/ros2_ws/install/local/lib/python3.10/dist-packages/crazyflie_interfaces/srv/_start_trajectory.py
-- Installing: /home/coshow/COSHOW/ros2_ws/install/local/lib/python3.10/dist-packages/crazyflie_interfaces/srv/_update_params.py
-- Installing: /home/coshow/COSHOW/ros2_ws/install/local/lib/python3.10/dist-packages/crazyflie_interfaces/srv/_start_trajectory_s.c
-- Installing: /home/coshow/COSHOW/ros2_ws/install/local/lib/python3.10/dist-packages/crazyflie_interfaces/srv/_set_group_mask.py
-- Installing: /home/coshow/COSHOW/ros2_ws/install/local/lib/python3.10/dist-packages/crazyflie_interfaces/srv/_arm.py
-- Installing: /home/coshow/COSHOW/ros2_ws/install/local/lib/python3.10/dist-packages/crazyflie_interfaces/srv/_go_to.py
-- Installing: /home/coshow/COSHOW/ros2_ws/install/local/lib/python3.10/dist-packages/crazyflie_interfaces/srv/_update_params_s.c
-- Installing: /home/coshow/COSHOW/ros2_ws/install/local/lib/python3.10/dist-packages/crazyflie_interfaces/srv/__init__.py
-- Installing: /home/coshow/COSHOW/ros2_ws/install/local/lib/python3.10/dist-packages/crazyflie_interfaces/srv/_add_logging.py
-- Installing: /home/coshow/COSHOW/ros2_ws/install/local/lib/python3.10/dist-packages/crazyflie_interfaces/srv/_set_group_mask_s.c
-- Installing: /home/coshow/COSHOW/ros2_ws/install/local/lib/python3.10/dist-packages/crazyflie_interfaces/srv/_notify_setpoints_stop_s.c
-- Installing: /home/coshow/COSHOW/ros2_ws/install/local/lib/python3.10/dist-packages/crazyflie_interfaces/srv/_notify_setpoints_stop.py
-- Installing: /home/coshow/COSHOW/ros2_ws/install/local/lib/python3.10/dist-packages/crazyflie_interfaces/srv/_go_to_s.c
-- Installing: /home/coshow/COSHOW/ros2_ws/install/local/lib/python3.10/dist-packages/crazyflie_interfaces/srv/_remove_logging_s.c
-- Installing: /home/coshow/COSHOW/ros2_ws/install/local/lib/python3.10/dist-packages/crazyflie_interfaces/srv/_takeoff_s.c
-- Installing: /home/coshow/COSHOW/ros2_ws/install/local/lib/python3.10/dist-packages/crazyflie_interfaces/_crazyflie_interfaces_s.ep.rosidl_typesupport_fastrtps_c.c
-- Installing: /home/coshow/COSHOW/ros2_ws/install/local/lib/python3.10/dist-packages/crazyflie_interfaces/_crazyflie_interfaces_s.ep.rosidl_typesupport_c.c
-- Installing: /home/coshow/COSHOW/ros2_ws/install/local/lib/python3.10/dist-packages/crazyflie_interfaces/__init__.py
Listing '/home/coshow/COSHOW/ros2_ws/install/local/lib/python3.10/dist-packages/crazyflie_interfaces'...
Compiling '/home/coshow/COSHOW/ros2_ws/install/local/lib/python3.10/dist-packages/crazyflie_interfaces/__init__.py'...
Listing '/home/coshow/COSHOW/ros2_ws/install/local/lib/python3.10/dist-packages/crazyflie_interfaces/msg'...
Compiling '/home/coshow/COSHOW/ros2_ws/install/local/lib/python3.10/dist-packages/crazyflie_interfaces/msg/__init__.py'...
Compiling '/home/coshow/COSHOW/ros2_ws/install/local/lib/python3.10/dist-packages/crazyflie_interfaces/msg/_connection_statistics.py'...
Compiling '/home/coshow/COSHOW/ros2_ws/install/local/lib/python3.10/dist-packages/crazyflie_interfaces/msg/_connection_statistics_array.py'...
Compiling '/home/coshow/COSHOW/ros2_ws/install/local/lib/python3.10/dist-packages/crazyflie_interfaces/msg/_full_state.py'...
Compiling '/home/coshow/COSHOW/ros2_ws/install/local/lib/python3.10/dist-packages/crazyflie_interfaces/msg/_hover.py'...
Compiling '/home/coshow/COSHOW/ros2_ws/install/local/lib/python3.10/dist-packages/crazyflie_interfaces/msg/_log_block.py'...
Compiling '/home/coshow/COSHOW/ros2_ws/install/local/lib/python3.10/dist-packages/crazyflie_interfaces/msg/_log_data_generic.py'...
Compiling '/home/coshow/COSHOW/ros2_ws/install/local/lib/python3.10/dist-packages/crazyflie_interfaces/msg/_position.py'...
Compiling '/home/coshow/COSHOW/ros2_ws/install/local/lib/python3.10/dist-packages/crazyflie_interfaces/msg/_status.py'...
Compiling '/home/coshow/COSHOW/ros2_ws/install/local/lib/python3.10/dist-packages/crazyflie_interfaces/msg/_trajectory_polynomial_piece.py'...
Compiling '/home/coshow/COSHOW/ros2_ws/install/local/lib/python3.10/dist-packages/crazyflie_interfaces/msg/_velocity_world.py'...
Listing '/home/coshow/COSHOW/ros2_ws/install/local/lib/python3.10/dist-packages/crazyflie_interfaces/srv'...
Compiling '/home/coshow/COSHOW/ros2_ws/install/local/lib/python3.10/dist-packages/crazyflie_interfaces/srv/__init__.py'...
Compiling '/home/coshow/COSHOW/ros2_ws/install/local/lib/python3.10/dist-packages/crazyflie_interfaces/srv/_add_logging.py'...
Compiling '/home/coshow/COSHOW/ros2_ws/install/local/lib/python3.10/dist-packages/crazyflie_interfaces/srv/_arm.py'...
Compiling '/home/coshow/COSHOW/ros2_ws/install/local/lib/python3.10/dist-packages/crazyflie_interfaces/srv/_go_to.py'...
Compiling '/home/coshow/COSHOW/ros2_ws/install/local/lib/python3.10/dist-packages/crazyflie_interfaces/srv/_land.py'...
Compiling '/home/coshow/COSHOW/ros2_ws/install/local/lib/python3.10/dist-packages/crazyflie_interfaces/srv/_notify_setpoints_stop.py'...
Compiling '/home/coshow/COSHOW/ros2_ws/install/local/lib/python3.10/dist-packages/crazyflie_interfaces/srv/_remove_logging.py'...
Compiling '/home/coshow/COSHOW/ros2_ws/install/local/lib/python3.10/dist-packages/crazyflie_interfaces/srv/_set_group_mask.py'...
Compiling '/home/coshow/COSHOW/ros2_ws/install/local/lib/python3.10/dist-packages/crazyflie_interfaces/srv/_start_trajectory.py'...
Compiling '/home/coshow/COSHOW/ros2_ws/install/local/lib/python3.10/dist-packages/crazyflie_interfaces/srv/_stop.py'...
Compiling '/home/coshow/COSHOW/ros2_ws/install/local/lib/python3.10/dist-packages/crazyflie_interfaces/srv/_takeoff.py'...
Compiling '/home/coshow/COSHOW/ros2_ws/install/local/lib/python3.10/dist-packages/crazyflie_interfaces/srv/_update_params.py'...
Compiling '/home/coshow/COSHOW/ros2_ws/install/local/lib/python3.10/dist-packages/crazyflie_interfaces/srv/_upload_trajectory.py'...
-- Installing: /home/coshow/COSHOW/ros2_ws/install/local/lib/python3.10/dist-packages/crazyflie_interfaces/crazyflie_interfaces_s__rosidl_typesupport_fastrtps_c.cpython-310-aarch64-linux-gnu.so
-- Set runtime path of "/home/coshow/COSHOW/ros2_ws/install/local/lib/python3.10/dist-packages/crazyflie_interfaces/crazyflie_interfaces_s__rosidl_typesupport_fastrtps_c.cpython-310-aarch64-linux-gnu.so" to ""
-- Installing: /home/coshow/COSHOW/ros2_ws/install/local/lib/python3.10/dist-packages/crazyflie_interfaces/crazyflie_interfaces_s__rosidl_typesupport_introspection_c.cpython-310-aarch64-linux-gnu.so
-- Set runtime path of "/home/coshow/COSHOW/ros2_ws/install/local/lib/python3.10/dist-packages/crazyflie_interfaces/crazyflie_interfaces_s__rosidl_typesupport_introspection_c.cpython-310-aarch64-linux-gnu.so" to ""
-- Installing: /home/coshow/COSHOW/ros2_ws/install/local/lib/python3.10/dist-packages/crazyflie_interfaces/crazyflie_interfaces_s__rosidl_typesupport_c.cpython-310-aarch64-linux-gnu.so
-- Set runtime path of "/home/coshow/COSHOW/ros2_ws/install/local/lib/python3.10/dist-packages/crazyflie_interfaces/crazyflie_interfaces_s__rosidl_typesupport_c.cpython-310-aarch64-linux-gnu.so" to ""
-- Installing: /home/coshow/COSHOW/ros2_ws/install/lib/libcrazyflie_interfaces__rosidl_generator_py.so
-- Set runtime path of "/home/coshow/COSHOW/ros2_ws/install/lib/libcrazyflie_interfaces__rosidl_generator_py.so" to ""
-- Installing: /home/coshow/COSHOW/ros2_ws/install/share/ament_index/resource_index/rust_packages/crazyflie_interfaces
-- Installing: /home/coshow/COSHOW/ros2_ws/install/share/crazyflie_interfaces/rust
-- Installing: /home/coshow/COSHOW/ros2_ws/install/share/crazyflie_interfaces/rust/build.rs
-- Installing: /home/coshow/COSHOW/ros2_ws/install/share/crazyflie_interfaces/rust/Cargo.toml
-- Installing: /home/coshow/COSHOW/ros2_ws/install/share/crazyflie_interfaces/rust/src
-- Installing: /home/coshow/COSHOW/ros2_ws/install/share/crazyflie_interfaces/rust/src/msg
-- Installing: /home/coshow/COSHOW/ros2_ws/install/share/crazyflie_interfaces/rust/src/msg/rmw.rs
-- Installing: /home/coshow/COSHOW/ros2_ws/install/share/crazyflie_interfaces/rust/src/srv
-- Installing: /home/coshow/COSHOW/ros2_ws/install/share/crazyflie_interfaces/rust/src/srv/rmw.rs
-- Installing: /home/coshow/COSHOW/ros2_ws/install/share/crazyflie_interfaces/rust/src/lib.rs
-- Installing: /home/coshow/COSHOW/ros2_ws/install/share/crazyflie_interfaces/rust/src/srv.rs
-- Installing: /home/coshow/COSHOW/ros2_ws/install/share/crazyflie_interfaces/rust/src/msg.rs
-- Installing: /home/coshow/COSHOW/ros2_ws/install/share/crazyflie_interfaces/msg/ConnectionStatistics.idl
-- Installing: /home/coshow/COSHOW/ros2_ws/install/share/crazyflie_interfaces/msg/ConnectionStatisticsArray.idl
-- Installing: /home/coshow/COSHOW/ros2_ws/install/share/crazyflie_interfaces/msg/FullState.idl
-- Installing: /home/coshow/COSHOW/ros2_ws/install/share/crazyflie_interfaces/msg/LogDataGeneric.idl
-- Installing: /home/coshow/COSHOW/ros2_ws/install/share/crazyflie_interfaces/msg/Hover.idl
-- Installing: /home/coshow/COSHOW/ros2_ws/install/share/crazyflie_interfaces/msg/LogBlock.idl
-- Installing: /home/coshow/COSHOW/ros2_ws/install/share/crazyflie_interfaces/msg/Position.idl
-- Installing: /home/coshow/COSHOW/ros2_ws/install/share/crazyflie_interfaces/msg/Status.idl
-- Installing: /home/coshow/COSHOW/ros2_ws/install/share/crazyflie_interfaces/msg/TrajectoryPolynomialPiece.idl
-- Installing: /home/coshow/COSHOW/ros2_ws/install/share/crazyflie_interfaces/msg/VelocityWorld.idl
-- Installing: /home/coshow/COSHOW/ros2_ws/install/share/crazyflie_interfaces/srv/GoTo.idl
-- Installing: /home/coshow/COSHOW/ros2_ws/install/share/crazyflie_interfaces/srv/Land.idl
-- Installing: /home/coshow/COSHOW/ros2_ws/install/share/crazyflie_interfaces/srv/NotifySetpointsStop.idl
-- Installing: /home/coshow/COSHOW/ros2_ws/install/share/crazyflie_interfaces/srv/SetGroupMask.idl
-- Installing: /home/coshow/COSHOW/ros2_ws/install/share/crazyflie_interfaces/srv/StartTrajectory.idl
-- Installing: /home/coshow/COSHOW/ros2_ws/install/share/crazyflie_interfaces/srv/Stop.idl
-- Installing: /home/coshow/COSHOW/ros2_ws/install/share/crazyflie_interfaces/srv/Takeoff.idl
-- Installing: /home/coshow/COSHOW/ros2_ws/install/share/crazyflie_interfaces/srv/UpdateParams.idl
-- Installing: /home/coshow/COSHOW/ros2_ws/install/share/crazyflie_interfaces/srv/UploadTrajectory.idl
-- Installing: /home/coshow/COSHOW/ros2_ws/install/share/crazyflie_interfaces/srv/RemoveLogging.idl
-- Installing: /home/coshow/COSHOW/ros2_ws/install/share/crazyflie_interfaces/srv/AddLogging.idl
-- Installing: /home/coshow/COSHOW/ros2_ws/install/share/crazyflie_interfaces/srv/Arm.idl
-- Installing: /home/coshow/COSHOW/ros2_ws/install/share/crazyflie_interfaces/msg/ConnectionStatistics.msg
-- Installing: /home/coshow/COSHOW/ros2_ws/install/share/crazyflie_interfaces/msg/ConnectionStatisticsArray.msg
-- Installing: /home/coshow/COSHOW/ros2_ws/install/share/crazyflie_interfaces/msg/FullState.msg
-- Installing: /home/coshow/COSHOW/ros2_ws/install/share/crazyflie_interfaces/msg/LogDataGeneric.msg
-- Installing: /home/coshow/COSHOW/ros2_ws/install/share/crazyflie_interfaces/msg/Hover.msg
-- Installing: /home/coshow/COSHOW/ros2_ws/install/share/crazyflie_interfaces/msg/LogBlock.msg
-- Installing: /home/coshow/COSHOW/ros2_ws/install/share/crazyflie_interfaces/msg/Position.msg
-- Installing: /home/coshow/COSHOW/ros2_ws/install/share/crazyflie_interfaces/msg/Status.msg
-- Installing: /home/coshow/COSHOW/ros2_ws/install/share/crazyflie_interfaces/msg/TrajectoryPolynomialPiece.msg
-- Installing: /home/coshow/COSHOW/ros2_ws/install/share/crazyflie_interfaces/msg/VelocityWorld.msg
-- Installing: /home/coshow/COSHOW/ros2_ws/install/share/crazyflie_interfaces/srv/GoTo.srv
-- Installing: /home/coshow/COSHOW/ros2_ws/install/share/crazyflie_interfaces/srv/GoTo_Request.msg
-- Installing: /home/coshow/COSHOW/ros2_ws/install/share/crazyflie_interfaces/srv/GoTo_Response.msg
-- Installing: /home/coshow/COSHOW/ros2_ws/install/share/crazyflie_interfaces/srv/Land.srv
-- Installing: /home/coshow/COSHOW/ros2_ws/install/share/crazyflie_interfaces/srv/Land_Request.msg
-- Installing: /home/coshow/COSHOW/ros2_ws/install/share/crazyflie_interfaces/srv/Land_Response.msg
-- Installing: /home/coshow/COSHOW/ros2_ws/install/share/crazyflie_interfaces/srv/NotifySetpointsStop.srv
-- Installing: /home/coshow/COSHOW/ros2_ws/install/share/crazyflie_interfaces/srv/NotifySetpointsStop_Request.msg
-- Installing: /home/coshow/COSHOW/ros2_ws/install/share/crazyflie_interfaces/srv/NotifySetpointsStop_Response.msg
-- Installing: /home/coshow/COSHOW/ros2_ws/install/share/crazyflie_interfaces/srv/SetGroupMask.srv
-- Installing: /home/coshow/COSHOW/ros2_ws/install/share/crazyflie_interfaces/srv/SetGroupMask_Request.msg
-- Installing: /home/coshow/COSHOW/ros2_ws/install/share/crazyflie_interfaces/srv/SetGroupMask_Response.msg
-- Installing: /home/coshow/COSHOW/ros2_ws/install/share/crazyflie_interfaces/srv/StartTrajectory.srv
-- Installing: /home/coshow/COSHOW/ros2_ws/install/share/crazyflie_interfaces/srv/StartTrajectory_Request.msg
-- Installing: /home/coshow/COSHOW/ros2_ws/install/share/crazyflie_interfaces/srv/StartTrajectory_Response.msg
-- Installing: /home/coshow/COSHOW/ros2_ws/install/share/crazyflie_interfaces/srv/Stop.srv
-- Installing: /home/coshow/COSHOW/ros2_ws/install/share/crazyflie_interfaces/srv/Stop_Request.msg
-- Installing: /home/coshow/COSHOW/ros2_ws/install/share/crazyflie_interfaces/srv/Stop_Response.msg
-- Installing: /home/coshow/COSHOW/ros2_ws/install/share/crazyflie_interfaces/srv/Takeoff.srv
-- Installing: /home/coshow/COSHOW/ros2_ws/install/share/crazyflie_interfaces/srv/Takeoff_Request.msg
-- Installing: /home/coshow/COSHOW/ros2_ws/install/share/crazyflie_interfaces/srv/Takeoff_Response.msg
-- Installing: /home/coshow/COSHOW/ros2_ws/install/share/crazyflie_interfaces/srv/UpdateParams.srv
-- Installing: /home/coshow/COSHOW/ros2_ws/install/share/crazyflie_interfaces/srv/UpdateParams_Request.msg
-- Installing: /home/coshow/COSHOW/ros2_ws/install/share/crazyflie_interfaces/srv/UpdateParams_Response.msg
-- Installing: /home/coshow/COSHOW/ros2_ws/install/share/crazyflie_interfaces/srv/UploadTrajectory.srv
-- Installing: /home/coshow/COSHOW/ros2_ws/install/share/crazyflie_interfaces/srv/UploadTrajectory_Request.msg
-- Installing: /home/coshow/COSHOW/ros2_ws/install/share/crazyflie_interfaces/srv/UploadTrajectory_Response.msg
-- Installing: /home/coshow/COSHOW/ros2_ws/install/share/crazyflie_interfaces/srv/RemoveLogging.srv
-- Installing: /home/coshow/COSHOW/ros2_ws/install/share/crazyflie_interfaces/srv/RemoveLogging_Request.msg
-- Installing: /home/coshow/COSHOW/ros2_ws/install/share/crazyflie_interfaces/srv/RemoveLogging_Response.msg
-- Installing: /home/coshow/COSHOW/ros2_ws/install/share/crazyflie_interfaces/srv/AddLogging.srv
-- Installing: /home/coshow/COSHOW/ros2_ws/install/share/crazyflie_interfaces/srv/AddLogging_Request.msg
-- Installing: /home/coshow/COSHOW/ros2_ws/install/share/crazyflie_interfaces/srv/AddLogging_Response.msg
-- Installing: /home/coshow/COSHOW/ros2_ws/install/share/crazyflie_interfaces/srv/Arm.srv
-- Installing: /home/coshow/COSHOW/ros2_ws/install/share/crazyflie_interfaces/srv/Arm_Request.msg
-- Installing: /home/coshow/COSHOW/ros2_ws/install/share/crazyflie_interfaces/srv/Arm_Response.msg
-- Installing: /home/coshow/COSHOW/ros2_ws/install/share/ament_index/resource_index/package_run_dependencies/crazyflie_interfaces
-- Installing: /home/coshow/COSHOW/ros2_ws/install/share/ament_index/resource_index/parent_prefix_path/crazyflie_interfaces
-- Installing: /home/coshow/COSHOW/ros2_ws/install/share/crazyflie_interfaces/environment/ament_prefix_path.sh
-- Installing: /home/coshow/COSHOW/ros2_ws/install/share/crazyflie_interfaces/environment/ament_prefix_path.dsv
-- Installing: /home/coshow/COSHOW/ros2_ws/install/share/crazyflie_interfaces/environment/path.sh
-- Installing: /home/coshow/COSHOW/ros2_ws/install/share/crazyflie_interfaces/environment/path.dsv
-- Installing: /home/coshow/COSHOW/ros2_ws/install/share/crazyflie_interfaces/local_setup.bash
-- Installing: /home/coshow/COSHOW/ros2_ws/install/share/crazyflie_interfaces/local_setup.sh
-- Installing: /home/coshow/COSHOW/ros2_ws/install/share/crazyflie_interfaces/local_setup.zsh
-- Installing: /home/coshow/COSHOW/ros2_ws/install/share/crazyflie_interfaces/local_setup.dsv
-- Installing: /home/coshow/COSHOW/ros2_ws/install/share/crazyflie_interfaces/package.dsv
-- Installing: /home/coshow/COSHOW/ros2_ws/install/share/ament_index/resource_index/packages/crazyflie_interfaces
-- Installing: /home/coshow/COSHOW/ros2_ws/install/share/crazyflie_interfaces/cmake/export_crazyflie_interfaces__rosidl_generator_cExport.cmake
-- Installing: /home/coshow/COSHOW/ros2_ws/install/share/crazyflie_interfaces/cmake/export_crazyflie_interfaces__rosidl_generator_cExport-noconfig.cmake
-- Installing: /home/coshow/COSHOW/ros2_ws/install/share/crazyflie_interfaces/cmake/export_crazyflie_interfaces__rosidl_typesupport_fastrtps_cExport.cmake
-- Installing: /home/coshow/COSHOW/ros2_ws/install/share/crazyflie_interfaces/cmake/export_crazyflie_interfaces__rosidl_typesupport_fastrtps_cExport-noconfig.cmake
-- Installing: /home/coshow/COSHOW/ros2_ws/install/share/crazyflie_interfaces/cmake/export_crazyflie_interfaces__rosidl_generator_cppExport.cmake
-- Installing: /home/coshow/COSHOW/ros2_ws/install/share/crazyflie_interfaces/cmake/export_crazyflie_interfaces__rosidl_typesupport_fastrtps_cppExport.cmake
-- Installing: /home/coshow/COSHOW/ros2_ws/install/share/crazyflie_interfaces/cmake/export_crazyflie_interfaces__rosidl_typesupport_fastrtps_cppExport-noconfig.cmake
-- Installing: /home/coshow/COSHOW/ros2_ws/install/share/crazyflie_interfaces/cmake/crazyflie_interfaces__rosidl_typesupport_introspection_cExport.cmake
-- Installing: /home/coshow/COSHOW/ros2_ws/install/share/crazyflie_interfaces/cmake/crazyflie_interfaces__rosidl_typesupport_introspection_cExport-noconfig.cmake
-- Installing: /home/coshow/COSHOW/ros2_ws/install/share/crazyflie_interfaces/cmake/crazyflie_interfaces__rosidl_typesupport_cExport.cmake
-- Installing: /home/coshow/COSHOW/ros2_ws/install/share/crazyflie_interfaces/cmake/crazyflie_interfaces__rosidl_typesupport_cExport-noconfig.cmake
-- Installing: /home/coshow/COSHOW/ros2_ws/install/share/crazyflie_interfaces/cmake/crazyflie_interfaces__rosidl_typesupport_introspection_cppExport.cmake
-- Installing: /home/coshow/COSHOW/ros2_ws/install/share/crazyflie_interfaces/cmake/crazyflie_interfaces__rosidl_typesupport_introspection_cppExport-noconfig.cmake
-- Installing: /home/coshow/COSHOW/ros2_ws/install/share/crazyflie_interfaces/cmake/crazyflie_interfaces__rosidl_typesupport_cppExport.cmake
-- Installing: /home/coshow/COSHOW/ros2_ws/install/share/crazyflie_interfaces/cmake/crazyflie_interfaces__rosidl_typesupport_cppExport-noconfig.cmake
-- Installing: /home/coshow/COSHOW/ros2_ws/install/share/crazyflie_interfaces/cmake/export_crazyflie_interfaces__rosidl_generator_pyExport.cmake
-- Installing: /home/coshow/COSHOW/ros2_ws/install/share/crazyflie_interfaces/cmake/export_crazyflie_interfaces__rosidl_generator_pyExport-noconfig.cmake
-- Installing: /home/coshow/COSHOW/ros2_ws/install/share/crazyflie_interfaces/cmake/rosidl_cmake-extras.cmake
-- Installing: /home/coshow/COSHOW/ros2_ws/install/share/crazyflie_interfaces/cmake/ament_cmake_export_dependencies-extras.cmake
-- Installing: /home/coshow/COSHOW/ros2_ws/install/share/crazyflie_interfaces/cmake/ament_cmake_export_include_directories-extras.cmake
-- Installing: /home/coshow/COSHOW/ros2_ws/install/share/crazyflie_interfaces/cmake/ament_cmake_export_libraries-extras.cmake
-- Installing: /home/coshow/COSHOW/ros2_ws/install/share/crazyflie_interfaces/cmake/ament_cmake_export_targets-extras.cmake
-- Installing: /home/coshow/COSHOW/ros2_ws/install/share/crazyflie_interfaces/cmake/rosidl_cmake_export_typesupport_targets-extras.cmake
-- Installing: /home/coshow/COSHOW/ros2_ws/install/share/crazyflie_interfaces/cmake/rosidl_cmake_export_typesupport_libraries-extras.cmake
-- Installing: /home/coshow/COSHOW/ros2_ws/install/share/crazyflie_interfaces/cmake/rosidl_cmake_aggregate_target-extras.cmake
-- Installing: /home/coshow/COSHOW/ros2_ws/install/share/crazyflie_interfaces/cmake/crazyflie_interfacesConfig.cmake
-- Installing: /home/coshow/COSHOW/ros2_ws/install/share/crazyflie_interfaces/cmake/crazyflie_interfacesConfig-version.cmake
-- Installing: /home/coshow/COSHOW/ros2_ws/install/share/crazyflie_interfaces/package.xml
Finished <<< crazyflie_interfaces [8.42s]

Summary: 2 packages finished [8.49s]
PASS merged interfaces were built from this clone using only Humble underlay
Hit:1 http://packages.ros.org/ros2/ubuntu jammy InRelease
Hit:2 http://ports.ubuntu.com/ubuntu-ports jammy InRelease
Hit:3 http://ports.ubuntu.com/ubuntu-ports jammy-updates InRelease
Hit:4 http://ports.ubuntu.com/ubuntu-ports jammy-backports InRelease
Hit:5 http://ports.ubuntu.com/ubuntu-ports jammy-security InRelease
Reading package lists...
Reading package lists...
Building dependency tree...
Reading state information...
The following additional packages will be installed:
  adwaita-icon-theme dbus dbus-user-session dconf-gsettings-backend
  dconf-service dmsetup gdal-data gir1.2-glib-2.0 gstreamer1.0-plugins-base
  gtk-update-icon-cache hicolor-icon-theme humanity-icon-theme
  ibverbs-providers iso-codes libaacs0 libaec0 libaom3 libapparmor1
  libargon2-1 libarmadillo10 libarpack2 libavcodec58 libavformat58 libavutil56
  libbdplus0 libblosc1 libbluray2 libcairo-gobject2 libcap2-bin libcdparanoia0
  libcfitsio9 libcharls2 libchromaprint1 libcodec2-1.0 libcolord2
  libcryptsetup12 libdav1d5 libdc1394-25 libdconf1 libde265-0
  libdevmapper1.02.1 libdouble-conversion3 libdw1 libepoxy0
  libevent-core-2.1-7 libevent-pthreads-2.1-7 libexif12 libfabric1 libfreexl1
  libfyba0 libgdal30 libgdcm3.0 libgdk-pixbuf-2.0-0 libgdk-pixbuf2.0-bin
  libgdk-pixbuf2.0-common libgeos-c1v5 libgeos3.10.2 libgeotiff5 libgif7
  libgirepository-1.0-1 libgl2ps1.4 libglew2.2 libgme0 libgphoto2-6
  libgphoto2-l10n libgphoto2-port12 libgsm1 libgstreamer-plugins-base1.0-0
  libgstreamer1.0-0 libgtk-3-0 libgtk-3-bin libgtk-3-common libhdf4-0-alt
  libhdf5-103-1 libhdf5-hl-100 libheif1 libhwloc-plugins libhwloc15
  libibverbs1 libilmbase25 libip4tc2 libjson-c5 libkmlbase1 libkmldom1
  libkmlengine1 libkmod2 liblcms2-2 liblept5 libminizip1 libmp3lame0
  libmpg123-0 libmysqlclient21 libnetcdf19 libnl-3-200 libnl-route-3-200
  libnorm1 libnss-systemd libnuma1 libodbc2 libodbcinst2 libogdi4.1 libogg0
  libopencv-calib3d4.5d libopencv-contrib4.5d libopencv-core4.5d
  libopencv-dnn4.5d libopencv-features2d4.5d libopencv-flann4.5d
  libopencv-highgui4.5d libopencv-imgcodecs4.5d libopencv-imgproc4.5d
  libopencv-ml4.5d libopencv-objdetect4.5d libopencv-photo4.5d
  libopencv-shape4.5d libopencv-stitching4.5d libopencv-video4.5d
  libopencv-videoio4.5d libopencv-viz4.5d libopenexr25 libopengl0 libopenjp2-7
  libopenmpi3 libopenmpt0 libopus0 liborc-0.4-0 libpam-cap libpam-systemd
  libpciaccess0 libpgm-5.3-0 libpmix2 libpoppler118 libpq5 libproj22
  libprotobuf23 libqhull-r8.0 librabbitmq4 libraw1394-11 librdmacm1 librsvg2-2
  librsvg2-common librttopo1 libshine3 libsnappy1v5 libsocket++1 libsodium23
  libsoxr0 libspatialite7 libspeex1 libsrt1.4-gnutls libssh-gcrypt-4
  libsuperlu5 libswresample3 libswscale5 libsz2 libtbb12 libtbb2 libtbbmalloc2
  libtcl8.6 libtesseract4 libtheora0 libtk8.6 libtwolame0 libucx0 libudfread0
  liburiparser1 libusb-1.0-0 libva-drm2 libva-x11-2 libva2 libvdpau1
  libvisual-0.4-0 libvorbis0a libvorbisenc2 libvorbisfile3 libvpx7 libvtk9.1
  libwayland-cursor0 libwayland-egl1 libwebpmux3 libx264-163 libx265-199
  libxerces-c3.2 libxft2 libxinerama1 libxnvctrl0 libxss1 libxvidcore4 libzmq5
  libzvbi-common libzvbi0 mesa-va-drivers mesa-vdpau-drivers mysql-common
  networkd-dispatcher ocl-icd-libopencl1 poppler-data proj-bin proj-data
  python3-aiosignal python3-async-timeout python3-charset-normalizer
  python3-frozenlist python3-gi python3-idna python3-multidict
  python3-typing-extensions python3-yarl shared-mime-info systemd systemd-sysv
  systemd-timesyncd ubuntu-mono unixodbc-common va-driver-all vdpau-driver-all
Suggested packages:
  gvfs isoquery libcuda1 libnvcuvid1 libnvidia-encode1 libbluray-bdj colord
  geotiff-bin gdal-bin libgeotiff-epsg glew-utils gphoto2
  libvisual-0.4-plugins gstreamer1.0-tools libhdf4-doc libhdf4-alt-dev
  hdf4-tools liblcms2-utils odbc-postgresql tdsodbc ogdi-bin opus-tools
  pciutils libraw1394-doc librsvg2-bin speex tcl8.6 tk8.6 mpi-default-bin
  vtk9-doc vtk9-examples iw | wireless-tools opencl-icd poppler-utils
  ghostscript fonts-japanese-mincho | fonts-ipafont-mincho fonts-arphic-ukai
  fonts-arphic-uming fonts-nanum systemd-container libfido2-1
  libtss2-esys-3.0.2-0 libtss2-mu0 libtss2-rc0 policykit-1 libvdpau-va-gl1
The following NEW packages will be installed:
  adwaita-icon-theme dbus dbus-user-session dconf-gsettings-backend
  dconf-service dmsetup gdal-data gir1.2-glib-2.0 gstreamer1.0-plugins-base
  gtk-update-icon-cache hicolor-icon-theme humanity-icon-theme
  ibverbs-providers iputils-ping iso-codes libaacs0 libaec0 libaom3
  libapparmor1 libargon2-1 libarmadillo10 libarpack2 libavcodec58
  libavformat58 libavutil56 libbdplus0 libblosc1 libbluray2 libcairo-gobject2
  libcap2-bin libcdparanoia0 libcfitsio9 libcharls2 libchromaprint1
  libcodec2-1.0 libcolord2 libcryptsetup12 libdav1d5 libdc1394-25 libdconf1
  libde265-0 libdevmapper1.02.1 libdouble-conversion3 libdw1 libepoxy0
  libevent-core-2.1-7 libevent-pthreads-2.1-7 libexif12 libfabric1 libfreexl1
  libfyba0 libgdal30 libgdcm3.0 libgdk-pixbuf-2.0-0 libgdk-pixbuf2.0-bin
  libgdk-pixbuf2.0-common libgeos-c1v5 libgeos3.10.2 libgeotiff5 libgif7
  libgirepository-1.0-1 libgl2ps1.4 libglew2.2 libgme0 libgphoto2-6
  libgphoto2-l10n libgphoto2-port12 libgsm1 libgstreamer-plugins-base1.0-0
  libgstreamer1.0-0 libgtk-3-0 libgtk-3-bin libgtk-3-common libhdf4-0-alt
  libhdf5-103-1 libhdf5-hl-100 libheif1 libhwloc-plugins libhwloc15
  libibverbs1 libilmbase25 libip4tc2 libjson-c5 libkmlbase1 libkmldom1
  libkmlengine1 libkmod2 liblcms2-2 liblept5 libminizip1 libmp3lame0
  libmpg123-0 libmysqlclient21 libnetcdf19 libnl-3-200 libnl-route-3-200
  libnorm1 libnss-systemd libnuma1 libodbc2 libodbcinst2 libogdi4.1 libogg0
  libopencv-calib3d4.5d libopencv-contrib4.5d libopencv-core4.5d
  libopencv-dnn4.5d libopencv-features2d4.5d libopencv-flann4.5d
  libopencv-highgui4.5d libopencv-imgcodecs4.5d libopencv-imgproc4.5d
  libopencv-ml4.5d libopencv-objdetect4.5d libopencv-photo4.5d
  libopencv-shape4.5d libopencv-stitching4.5d libopencv-video4.5d
  libopencv-videoio4.5d libopencv-viz4.5d libopenexr25 libopengl0 libopenjp2-7
  libopenmpi3 libopenmpt0 libopus0 liborc-0.4-0 libpam-cap libpam-systemd
  libpciaccess0 libpgm-5.3-0 libpmix2 libpoppler118 libpq5 libproj22
  libprotobuf23 libqhull-r8.0 librabbitmq4 libraw1394-11 librdmacm1 librsvg2-2
  librsvg2-common librttopo1 libshine3 libsnappy1v5 libsocket++1 libsodium23
  libsoxr0 libspatialite7 libspeex1 libsrt1.4-gnutls libssh-gcrypt-4
  libsuperlu5 libswresample3 libswscale5 libsz2 libtbb12 libtbb2 libtbbmalloc2
  libtcl8.6 libtesseract4 libtheora0 libtk8.6 libtwolame0 libucx0 libudfread0
  liburiparser1 libusb-1.0-0 libva-drm2 libva-x11-2 libva2 libvdpau1
  libvisual-0.4-0 libvorbis0a libvorbisenc2 libvorbisfile3 libvpx7 libvtk9.1
  libwayland-cursor0 libwayland-egl1 libwebpmux3 libx264-163 libx265-199
  libxerces-c3.2 libxft2 libxinerama1 libxnvctrl0 libxss1 libxvidcore4 libzmq5
  libzvbi-common libzvbi0 mesa-va-drivers mesa-vdpau-drivers mysql-common
  networkd-dispatcher ocl-icd-libopencl1 poppler-data proj-bin proj-data
  python3-aiohttp python3-aiosignal python3-async-timeout
  python3-charset-normalizer python3-frozenlist python3-gi python3-idna
  python3-multidict python3-opencv python3-typing-extensions python3-yarl
  shared-mime-info systemd systemd-sysv systemd-timesyncd ubuntu-mono
  unixodbc-common va-driver-all vdpau-driver-all
0 upgraded, 219 newly installed, 0 to remove and 10 not upgraded.
Need to get 132 MB of archives.
After this operation, 489 MB of additional disk space will be used.
Get:1 http://ports.ubuntu.com/ubuntu-ports jammy-updates/main arm64 libapparmor1 arm64 3.0.4-2ubuntu2.5 [39.5 kB]
Get:2 http://ports.ubuntu.com/ubuntu-ports jammy/main arm64 libargon2-1 arm64 0~20171227-0.3 [18.6 kB]
Get:3 http://ports.ubuntu.com/ubuntu-ports jammy-updates/main arm64 libdevmapper1.02.1 arm64 2:1.02.175-2.1ubuntu5 [129 kB]
Get:4 http://ports.ubuntu.com/ubuntu-ports jammy-updates/main arm64 libjson-c5 arm64 0.15-3~ubuntu1.22.04.2 [32.7 kB]
Get:5 http://ports.ubuntu.com/ubuntu-ports jammy-updates/main arm64 libcryptsetup12 arm64 2:2.4.3-1ubuntu1.3 [208 kB]
Get:6 http://ports.ubuntu.com/ubuntu-ports jammy-updates/main arm64 libip4tc2 arm64 1.8.7-1ubuntu5.2 [19.9 kB]
Get:7 http://ports.ubuntu.com/ubuntu-ports jammy-security/main arm64 libkmod2 arm64 29-1ubuntu1.1 [46.5 kB]
Get:8 http://ports.ubuntu.com/ubuntu-ports jammy-updates/main arm64 systemd arm64 249.11-0ubuntu3.22 [4418 kB]
Get:9 http://ports.ubuntu.com/ubuntu-ports jammy-updates/main arm64 systemd-sysv arm64 249.11-0ubuntu3.22 [10.5 kB]
Get:10 http://ports.ubuntu.com/ubuntu-ports jammy/main arm64 poppler-data all 0.4.11-1 [2171 kB]
Get:11 http://ports.ubuntu.com/ubuntu-ports jammy-updates/main arm64 dbus arm64 1.12.20-2ubuntu4.1 [154 kB]
Get:12 http://ports.ubuntu.com/ubuntu-ports jammy-updates/main arm64 dmsetup arm64 2:1.02.175-2.1ubuntu5 [75.8 kB]
Get:13 http://ports.ubuntu.com/ubuntu-ports jammy/main arm64 libgirepository-1.0-1 arm64 1.72.0-1 [53.5 kB]
Get:14 http://ports.ubuntu.com/ubuntu-ports jammy/main arm64 gir1.2-glib-2.0 arm64 1.72.0-1 [165 kB]
Get:15 http://ports.ubuntu.com/ubuntu-ports jammy-updates/main arm64 libcap2-bin arm64 1:2.44-1ubuntu0.22.04.3 [25.5 kB]
Get:16 http://ports.ubuntu.com/ubuntu-ports jammy-updates/main arm64 iputils-ping arm64 3:20211215-1ubuntu0.1 [43.6 kB]
Get:17 http://ports.ubuntu.com/ubuntu-ports jammy/main arm64 iso-codes all 4.9.0-1 [3459 kB]
Get:18 http://ports.ubuntu.com/ubuntu-ports jammy-updates/main arm64 libnss-systemd arm64 249.11-0ubuntu3.22 [133 kB]
Get:19 http://ports.ubuntu.com/ubuntu-ports jammy-updates/main arm64 libpam-cap arm64 1:2.44-1ubuntu0.22.04.3 [7952 B]
Get:20 http://ports.ubuntu.com/ubuntu-ports jammy-updates/main arm64 libpam-systemd arm64 249.11-0ubuntu3.22 [205 kB]
Get:21 http://ports.ubuntu.com/ubuntu-ports jammy-updates/main arm64 python3-gi arm64 3.42.1-0ubuntu1 [228 kB]
Get:22 http://ports.ubuntu.com/ubuntu-ports jammy-updates/main arm64 networkd-dispatcher all 2.1-2ubuntu0.22.04.2 [15.8 kB]
Get:23 http://ports.ubuntu.com/ubuntu-ports jammy/main arm64 shared-mime-info arm64 2.1-2 [453 kB]
Get:24 http://ports.ubuntu.com/ubuntu-ports jammy-updates/main arm64 systemd-timesyncd arm64 249.11-0ubuntu3.22 [30.0 kB]
Get:25 http://ports.ubuntu.com/ubuntu-ports jammy/main arm64 libnuma1 arm64 2.0.14-3ubuntu2 [22.4 kB]
Get:26 http://ports.ubuntu.com/ubuntu-ports jammy-updates/main arm64 libusb-1.0-0 arm64 2:1.0.25-1ubuntu2 [52.1 kB]
Get:27 http://ports.ubuntu.com/ubuntu-ports jammy/main arm64 hicolor-icon-theme all 0.17-2 [9976 B]
Get:28 http://ports.ubuntu.com/ubuntu-ports jammy-updates/main arm64 libgdk-pixbuf2.0-common all 2.42.8+dfsg-1ubuntu0.5 [5560 B]
Get:29 http://ports.ubuntu.com/ubuntu-ports jammy-updates/main arm64 libgdk-pixbuf-2.0-0 arm64 2.42.8+dfsg-1ubuntu0.5 [143 kB]
Get:30 http://ports.ubuntu.com/ubuntu-ports jammy-updates/main arm64 gtk-update-icon-cache arm64 3.24.33-1ubuntu2.2 [31.1 kB]
Get:31 http://ports.ubuntu.com/ubuntu-ports jammy/main arm64 humanity-icon-theme all 0.6.16 [1282 kB]
Get:32 http://ports.ubuntu.com/ubuntu-ports jammy/main arm64 ubuntu-mono all 20.10-0ubuntu2 [153 kB]
Get:33 http://ports.ubuntu.com/ubuntu-ports jammy/main arm64 adwaita-icon-theme all 41.0-1ubuntu1 [3444 kB]
Get:34 http://ports.ubuntu.com/ubuntu-ports jammy-updates/main arm64 dbus-user-session arm64 1.12.20-2ubuntu4.1 [9442 B]
Get:35 http://ports.ubuntu.com/ubuntu-ports jammy-updates/main arm64 libdconf1 arm64 0.40.0-3ubuntu0.1 [40.2 kB]
Get:36 http://ports.ubuntu.com/ubuntu-ports jammy-updates/main arm64 dconf-service arm64 0.40.0-3ubuntu0.1 [27.0 kB]
Get:37 http://ports.ubuntu.com/ubuntu-ports jammy-updates/main arm64 dconf-gsettings-backend arm64 0.40.0-3ubuntu0.1 [22.2 kB]
Get:38 http://ports.ubuntu.com/ubuntu-ports jammy/universe arm64 gdal-data all 3.4.1+dfsg-1build4 [216 kB]
Get:39 http://ports.ubuntu.com/ubuntu-ports jammy/main arm64 libcdparanoia0 arm64 3.10.2+debian-14build2 [48.1 kB]
Get:40 http://ports.ubuntu.com/ubuntu-ports jammy-updates/main arm64 libdw1 arm64 0.186-1ubuntu0.1 [246 kB]
Get:41 http://ports.ubuntu.com/ubuntu-ports jammy-updates/main arm64 libgstreamer1.0-0 arm64 1.20.3-0ubuntu1.1 [930 kB]
Get:42 http://ports.ubuntu.com/ubuntu-ports jammy-updates/main arm64 liborc-0.4-0 arm64 1:0.4.32-2ubuntu0.1 [222 kB]
Get:43 http://ports.ubuntu.com/ubuntu-ports jammy-updates/main arm64 libgstreamer-plugins-base1.0-0 arm64 1.20.1-1ubuntu0.6 [793 kB]
Get:44 http://ports.ubuntu.com/ubuntu-ports jammy/main arm64 libogg0 arm64 1.3.5-0ubuntu3 [22.4 kB]
Get:45 http://ports.ubuntu.com/ubuntu-ports jammy/main arm64 libopus0 arm64 1.3.1-0.1build2 [195 kB]
Get:46 http://ports.ubuntu.com/ubuntu-ports jammy/main arm64 libtheora0 arm64 1.1.1+dfsg.1-15ubuntu4 [223 kB]
Get:47 http://ports.ubuntu.com/ubuntu-ports jammy/main arm64 libvisual-0.4-0 arm64 0.4.0-17build2 [105 kB]
Get:48 http://ports.ubuntu.com/ubuntu-ports jammy/main arm64 libvorbis0a arm64 1.3.7-1build2 [95.5 kB]
Get:49 http://ports.ubuntu.com/ubuntu-ports jammy/main arm64 libvorbisenc2 arm64 1.3.7-1build2 [82.3 kB]
Get:50 http://ports.ubuntu.com/ubuntu-ports jammy-updates/main arm64 gstreamer1.0-plugins-base arm64 1.20.1-1ubuntu0.6 [656 kB]
Get:51 http://ports.ubuntu.com/ubuntu-ports jammy/main arm64 libnl-3-200 arm64 3.5.0-0.1 [58.1 kB]
Get:52 http://ports.ubuntu.com/ubuntu-ports jammy/main arm64 libnl-route-3-200 arm64 3.5.0-0.1 [173 kB]
Get:53 http://ports.ubuntu.com/ubuntu-ports jammy/main arm64 libibverbs1 arm64 39.0-1 [66.3 kB]
Get:54 http://ports.ubuntu.com/ubuntu-ports jammy/main arm64 ibverbs-providers arm64 39.0-1 [334 kB]
Get:55 http://ports.ubuntu.com/ubuntu-ports jammy/universe arm64 libaacs0 arm64 0.11.1-1 [59.8 kB]
Get:56 http://ports.ubuntu.com/ubuntu-ports jammy/universe arm64 libaec0 arm64 1.0.6-1 [19.5 kB]
Get:57 http://ports.ubuntu.com/ubuntu-ports jammy-updates/universe arm64 libaom3 arm64 3.3.0-1ubuntu0.1 [1415 kB]
Get:58 http://ports.ubuntu.com/ubuntu-ports jammy/universe arm64 libarpack2 arm64 3.8.0-1 [73.3 kB]
Get:59 http://ports.ubuntu.com/ubuntu-ports jammy/universe arm64 libsuperlu5 arm64 5.3.0+dfsg1-2 [158 kB]
Get:60 http://ports.ubuntu.com/ubuntu-ports jammy/universe arm64 libarmadillo10 arm64 1:10.8.2+dfsg-1 [103 kB]
Get:61 http://ports.ubuntu.com/ubuntu-ports jammy/universe arm64 libva2 arm64 2.14.0-1 [63.5 kB]
Get:62 http://ports.ubuntu.com/ubuntu-ports jammy/universe arm64 libva-drm2 arm64 2.14.0-1 [7266 B]
Get:63 http://ports.ubuntu.com/ubuntu-ports jammy/universe arm64 libva-x11-2 arm64 2.14.0-1 [12.0 kB]
Get:64 http://ports.ubuntu.com/ubuntu-ports jammy/main arm64 libvdpau1 arm64 1.4-3build2 [25.0 kB]
Get:65 http://ports.ubuntu.com/ubuntu-ports jammy/universe arm64 ocl-icd-libopencl1 arm64 2.2.14-3 [38.8 kB]
Get:66 http://ports.ubuntu.com/ubuntu-ports jammy-updates/universe arm64 libavutil56 arm64 7:4.4.2-0ubuntu0.22.04.1 [294 kB]
Get:67 http://ports.ubuntu.com/ubuntu-ports jammy/universe arm64 libcodec2-1.0 arm64 1.0.1-3 [8434 kB]
Get:68 http://ports.ubuntu.com/ubuntu-ports jammy/universe arm64 libdav1d5 arm64 0.9.2-1 [313 kB]
Get:69 http://ports.ubuntu.com/ubuntu-ports jammy/universe arm64 libgsm1 arm64 1.0.19-1 [26.7 kB]
Get:70 http://ports.ubuntu.com/ubuntu-ports jammy/main arm64 libmp3lame0 arm64 3.100-3build2 [142 kB]
Get:71 http://ports.ubuntu.com/ubuntu-ports jammy-updates/main arm64 libopenjp2-7 arm64 2.4.0-6ubuntu0.5 [155 kB]
Get:72 http://ports.ubuntu.com/ubuntu-ports jammy-updates/main arm64 libcairo-gobject2 arm64 1.16.0-5ubuntu2.1 [19.4 kB]
Get:73 http://ports.ubuntu.com/ubuntu-ports jammy-updates/main arm64 librsvg2-2 arm64 2.52.5+dfsg-3ubuntu0.2 [2765 kB]
Get:74 http://ports.ubuntu.com/ubuntu-ports jammy/universe arm64 libshine3 arm64 3.1.1-2 [22.5 kB]
Get:75 http://ports.ubuntu.com/ubuntu-ports jammy/main arm64 libsnappy1v5 arm64 1.1.8-1build3 [17.2 kB]
Get:76 http://ports.ubuntu.com/ubuntu-ports jammy/main arm64 libspeex1 arm64 1.2~rc1.2-1.1ubuntu3 [52.6 kB]
Get:77 http://ports.ubuntu.com/ubuntu-ports jammy/main arm64 libsoxr0 arm64 0.1.3-4build2 [57.2 kB]
Get:78 http://ports.ubuntu.com/ubuntu-ports jammy-updates/universe arm64 libswresample3 arm64 7:4.4.2-0ubuntu0.22.04.1 [56.2 kB]
Get:79 http://ports.ubuntu.com/ubuntu-ports jammy/main arm64 libtwolame0 arm64 0.4.0-2build2 [51.7 kB]
Get:80 http://ports.ubuntu.com/ubuntu-ports jammy-updates/main arm64 libvpx7 arm64 1.11.0-2ubuntu2.5 [1038 kB]
Get:81 http://ports.ubuntu.com/ubuntu-ports jammy-updates/main arm64 libwebpmux3 arm64 1.2.2-2ubuntu0.22.04.2 [20.9 kB]
Get:82 http://ports.ubuntu.com/ubuntu-ports jammy/universe arm64 libx264-163 arm64 2:0.163.3060+git5db6aa6-2build1 [530 kB]
Get:83 http://ports.ubuntu.com/ubuntu-ports jammy/universe arm64 libx265-199 arm64 3.5-2 [699 kB]
Get:84 http://ports.ubuntu.com/ubuntu-ports jammy/universe arm64 libxvidcore4 arm64 2:1.3.7-1 [161 kB]
Get:85 http://ports.ubuntu.com/ubuntu-ports jammy/universe arm64 libzvbi-common all 0.2.35-19 [35.5 kB]
Get:86 http://ports.ubuntu.com/ubuntu-ports jammy/universe arm64 libzvbi0 arm64 0.2.35-19 [261 kB]
Get:87 http://ports.ubuntu.com/ubuntu-ports jammy-updates/universe arm64 libavcodec58 arm64 7:4.4.2-0ubuntu0.22.04.1 [5424 kB]
Get:88 http://ports.ubuntu.com/ubuntu-ports jammy/universe arm64 libudfread0 arm64 1.1.2-1 [15.4 kB]
Get:89 http://ports.ubuntu.com/ubuntu-ports jammy/universe arm64 libbluray2 arm64 1:1.3.1-1 [148 kB]
Get:90 http://ports.ubuntu.com/ubuntu-ports jammy/universe arm64 libchromaprint1 arm64 1.5.1-2 [27.3 kB]
Get:91 http://ports.ubuntu.com/ubuntu-ports jammy/universe arm64 libgme0 arm64 0.6.3-2 [118 kB]
Get:92 http://ports.ubuntu.com/ubuntu-ports jammy-updates/main arm64 libmpg123-0 arm64 1.29.3-1ubuntu0.1 [170 kB]
Get:93 http://ports.ubuntu.com/ubuntu-ports jammy/main arm64 libvorbisfile3 arm64 1.3.7-1build2 [16.8 kB]
Get:94 http://ports.ubuntu.com/ubuntu-ports jammy/universe arm64 libopenmpt0 arm64 0.6.1-1 [572 kB]
Get:95 http://ports.ubuntu.com/ubuntu-ports jammy-updates/main arm64 librabbitmq4 arm64 0.10.0-1ubuntu2.2 [39.9 kB]
Get:96 http://ports.ubuntu.com/ubuntu-ports jammy/universe arm64 libsrt1.4-gnutls arm64 1.4.4-4 [290 kB]
Get:97 http://ports.ubuntu.com/ubuntu-ports jammy-updates/main arm64 libssh-gcrypt-4 arm64 0.9.6-2ubuntu0.22.04.8 [226 kB]
Get:98 http://ports.ubuntu.com/ubuntu-ports jammy/universe arm64 libnorm1 arm64 1.5.9+dfsg-2 [202 kB]
Get:99 http://ports.ubuntu.com/ubuntu-ports jammy/universe arm64 libpgm-5.3-0 arm64 5.3.128~dfsg-2 [151 kB]
Get:100 http://ports.ubuntu.com/ubuntu-ports jammy-updates/main arm64 libsodium23 arm64 1.0.18-1ubuntu0.22.04.1 [124 kB]
Get:101 http://ports.ubuntu.com/ubuntu-ports jammy/universe arm64 libzmq5 arm64 4.3.4-2 [241 kB]
Get:102 http://ports.ubuntu.com/ubuntu-ports jammy-updates/universe arm64 libavformat58 arm64 7:4.4.2-0ubuntu0.22.04.1 [1116 kB]
Get:103 http://ports.ubuntu.com/ubuntu-ports jammy/universe arm64 libbdplus0 arm64 0.2.0-1 [49.6 kB]
Get:104 http://ports.ubuntu.com/ubuntu-ports jammy/universe arm64 libblosc1 arm64 1.21.1+ds2-2 [24.8 kB]
Get:105 http://ports.ubuntu.com/ubuntu-ports jammy/universe arm64 libcfitsio9 arm64 4.0.0-1 [497 kB]
Get:106 http://ports.ubuntu.com/ubuntu-ports jammy/universe arm64 libcharls2 arm64 2.3.4-1 [80.0 kB]
Get:107 http://ports.ubuntu.com/ubuntu-ports jammy-updates/main arm64 liblcms2-2 arm64 2.12~rc1-2ubuntu0.1 [158 kB]
Get:108 http://ports.ubuntu.com/ubuntu-ports jammy/main arm64 libcolord2 arm64 1.4.6-1 [152 kB]
Get:109 http://ports.ubuntu.com/ubuntu-ports jammy/main arm64 libraw1394-11 arm64 2.1.2-2build2 [27.2 kB]
Get:110 http://ports.ubuntu.com/ubuntu-ports jammy/universe arm64 libdc1394-25 arm64 2.2.6-4 [88.4 kB]
Get:111 http://ports.ubuntu.com/ubuntu-ports jammy-updates/universe arm64 libde265-0 arm64 1.0.8-1ubuntu0.3 [264 kB]
Get:112 http://ports.ubuntu.com/ubuntu-ports jammy/universe arm64 libdouble-conversion3 arm64 3.1.7-4 [37.0 kB]
Get:113 http://ports.ubuntu.com/ubuntu-ports jammy/main arm64 libepoxy0 arm64 1.5.10-1 [247 kB]
Get:114 http://ports.ubuntu.com/ubuntu-ports jammy-updates/main arm64 libevent-core-2.1-7 arm64 2.1.12-stable-1ubuntu0.1 [91.5 kB]
Get:115 http://ports.ubuntu.com/ubuntu-ports jammy-updates/main arm64 libevent-pthreads-2.1-7 arm64 2.1.12-stable-1ubuntu0.1 [7620 B]
Get:116 http://ports.ubuntu.com/ubuntu-ports jammy-updates/main arm64 libexif12 arm64 0.6.24-1ubuntu0.22.04.1 [91.3 kB]
Get:117 http://ports.ubuntu.com/ubuntu-ports jammy/main arm64 librdmacm1 arm64 39.0-1 [70.4 kB]
Get:118 http://ports.ubuntu.com/ubuntu-ports jammy/universe arm64 libfabric1 arm64 1.11.0-3 [436 kB]
Get:119 http://ports.ubuntu.com/ubuntu-ports jammy/universe arm64 libfyba0 arm64 4.1.1-7 [105 kB]
Get:120 http://ports.ubuntu.com/ubuntu-ports jammy/universe arm64 libfreexl1 arm64 1.0.6-1 [32.7 kB]
Get:121 http://ports.ubuntu.com/ubuntu-ports jammy/universe arm64 libgeos3.10.2 arm64 3.10.2-1 [678 kB]
Get:122 http://ports.ubuntu.com/ubuntu-ports jammy/universe arm64 libgeos-c1v5 arm64 3.10.2-1 [76.8 kB]
Get:123 http://ports.ubuntu.com/ubuntu-ports jammy/universe arm64 proj-data all 8.2.1-1 [10.0 MB]
Get:124 http://ports.ubuntu.com/ubuntu-ports jammy/universe arm64 libproj22 arm64 8.2.1-1 [1164 kB]
Get:125 http://ports.ubuntu.com/ubuntu-ports jammy/universe arm64 libgeotiff5 arm64 1.7.0-2build1 [62.6 kB]
Get:126 http://ports.ubuntu.com/ubuntu-ports jammy-updates/main arm64 libgif7 arm64 5.1.9-2ubuntu0.3 [34.6 kB]
Get:127 http://ports.ubuntu.com/ubuntu-ports jammy/universe arm64 libhdf4-0-alt arm64 4.2.15-4 [279 kB]
Get:128 http://ports.ubuntu.com/ubuntu-ports jammy/universe arm64 libsz2 arm64 1.0.6-1 [5144 B]
Get:129 http://ports.ubuntu.com/ubuntu-ports jammy/universe arm64 libhdf5-103-1 arm64 1.10.7+repack-4ubuntu2 [1207 kB]
Get:130 http://ports.ubuntu.com/ubuntu-ports jammy/universe arm64 libheif1 arm64 1.12.0-2build1 [184 kB]
Get:131 http://ports.ubuntu.com/ubuntu-ports jammy/universe arm64 libminizip1 arm64 1.1-8build1 [17.5 kB]
Get:132 http://ports.ubuntu.com/ubuntu-ports jammy/universe arm64 liburiparser1 arm64 0.9.6+dfsg-1 [34.7 kB]
Get:133 http://ports.ubuntu.com/ubuntu-ports jammy/universe arm64 libkmlbase1 arm64 1.3.0-9 [42.1 kB]
Get:134 http://ports.ubuntu.com/ubuntu-ports jammy/universe arm64 libkmldom1 arm64 1.3.0-9 [137 kB]
Get:135 http://ports.ubuntu.com/ubuntu-ports jammy/universe arm64 libkmlengine1 arm64 1.3.0-9 [65.2 kB]
Get:136 http://ports.ubuntu.com/ubuntu-ports jammy/main arm64 mysql-common all 5.8+1.0.8 [7212 B]
Get:137 http://ports.ubuntu.com/ubuntu-ports jammy-updates/main arm64 libmysqlclient21 arm64 8.0.46-0ubuntu0.22.04.4 [1315 kB]
Get:138 http://ports.ubuntu.com/ubuntu-ports jammy/universe arm64 libhdf5-hl-100 arm64 1.10.7+repack-4ubuntu2 [58.4 kB]
Get:139 http://ports.ubuntu.com/ubuntu-ports jammy/universe arm64 libnetcdf19 arm64 1:4.8.1-1 [456 kB]
Get:140 http://ports.ubuntu.com/ubuntu-ports jammy-updates/main arm64 libodbc2 arm64 2.3.9-5ubuntu0.1 [145 kB]
Get:141 http://ports.ubuntu.com/ubuntu-ports jammy-updates/main arm64 unixodbc-common all 2.3.9-5ubuntu0.1 [9256 B]
Get:142 http://ports.ubuntu.com/ubuntu-ports jammy-updates/main arm64 libodbcinst2 arm64 2.3.9-5ubuntu0.1 [30.2 kB]
Get:143 http://ports.ubuntu.com/ubuntu-ports jammy/universe arm64 libogdi4.1 arm64 4.1.0+ds-5 [174 kB]
Get:144 http://ports.ubuntu.com/ubuntu-ports jammy-updates/main arm64 libpoppler118 arm64 22.02.0-2ubuntu0.13 [1038 kB]
Get:145 http://ports.ubuntu.com/ubuntu-ports jammy-updates/main arm64 libpq5 arm64 14.24-0ubuntu0.22.04.1 [152 kB]
Get:146 http://ports.ubuntu.com/ubuntu-ports jammy/universe arm64 libqhull-r8.0 arm64 2020.2-4 [189 kB]
Get:147 http://ports.ubuntu.com/ubuntu-ports jammy/universe arm64 librttopo1 arm64 1.1.0-2 [162 kB]
Get:148 http://ports.ubuntu.com/ubuntu-ports jammy/universe arm64 libspatialite7 arm64 5.0.1-2build2 [1852 kB]
Get:149 http://ports.ubuntu.com/ubuntu-ports jammy-updates/universe arm64 libxerces-c3.2 arm64 3.2.3+debian-3ubuntu0.1 [867 kB]
Get:150 http://ports.ubuntu.com/ubuntu-ports jammy/universe arm64 libgdal30 arm64 3.4.1+dfsg-1build4 [7163 kB]
Get:151 http://ports.ubuntu.com/ubuntu-ports jammy/universe arm64 libsocket++1 arm64 1.12.13+git20131030.5d039ba-1 [81.6 kB]
Get:152 http://ports.ubuntu.com/ubuntu-ports jammy/universe arm64 libgdcm3.0 arm64 3.0.10-1build2 [1707 kB]
Get:153 http://ports.ubuntu.com/ubuntu-ports jammy-updates/main arm64 libgdk-pixbuf2.0-bin arm64 2.42.8+dfsg-1ubuntu0.5 [14.1 kB]
Get:154 http://ports.ubuntu.com/ubuntu-ports jammy/universe arm64 libgl2ps1.4 arm64 1.4.2+dfsg1-2 [41.5 kB]
Get:155 http://ports.ubuntu.com/ubuntu-ports jammy/universe arm64 libglew2.2 arm64 2.2.0-4 [200 kB]
Get:156 http://ports.ubuntu.com/ubuntu-ports jammy-updates/main arm64 libgphoto2-port12 arm64 2.5.27-1ubuntu0.1 [57.1 kB]
Get:157 http://ports.ubuntu.com/ubuntu-ports jammy-updates/main arm64 libgphoto2-6 arm64 2.5.27-1ubuntu0.1 [718 kB]
Get:158 http://ports.ubuntu.com/ubuntu-ports jammy-updates/main arm64 libgphoto2-l10n all 2.5.27-1ubuntu0.1 [14.4 kB]
Get:159 http://ports.ubuntu.com/ubuntu-ports jammy-updates/main arm64 libwayland-cursor0 arm64 1.20.0-1ubuntu0.1 [10.5 kB]
Get:160 http://ports.ubuntu.com/ubuntu-ports jammy-updates/main arm64 libwayland-egl1 arm64 1.20.0-1ubuntu0.1 [5516 B]
Get:161 http://ports.ubuntu.com/ubuntu-ports jammy/main arm64 libxinerama1 arm64 2:1.1.4-3 [7056 B]
Get:162 http://ports.ubuntu.com/ubuntu-ports jammy-updates/main arm64 libgtk-3-common all 3.24.33-1ubuntu2.2 [239 kB]
Get:163 http://ports.ubuntu.com/ubuntu-ports jammy-updates/main arm64 libgtk-3-0 arm64 3.24.33-1ubuntu2.2 [2990 kB]
Get:164 http://ports.ubuntu.com/ubuntu-ports jammy-updates/main arm64 libgtk-3-bin arm64 3.24.33-1ubuntu2.2 [69.1 kB]
Get:165 http://ports.ubuntu.com/ubuntu-ports jammy-updates/universe arm64 libhwloc15 arm64 2.7.0-2ubuntu1 [148 kB]
Get:166 http://ports.ubuntu.com/ubuntu-ports jammy/universe arm64 libilmbase25 arm64 2.5.7-2 [169 kB]
Get:167 http://ports.ubuntu.com/ubuntu-ports jammy/universe arm64 liblept5 arm64 1.82.0-3build1 [1105 kB]
Get:168 http://ports.ubuntu.com/ubuntu-ports jammy/universe arm64 libtbbmalloc2 arm64 2021.5.0-7ubuntu2 [35.7 kB]
Get:169 http://ports.ubuntu.com/ubuntu-ports jammy/universe arm64 libtbb2 arm64 2020.3-1ubuntu3 [77.1 kB]
Get:170 http://ports.ubuntu.com/ubuntu-ports jammy/universe arm64 libopencv-core4.5d arm64 4.5.4+dfsg-9ubuntu4 [934 kB]
Get:171 http://ports.ubuntu.com/ubuntu-ports jammy/universe arm64 libopencv-flann4.5d arm64 4.5.4+dfsg-9ubuntu4 [123 kB]
Get:172 http://ports.ubuntu.com/ubuntu-ports jammy/universe arm64 libopencv-imgproc4.5d arm64 4.5.4+dfsg-9ubuntu4 [1016 kB]
Get:173 http://ports.ubuntu.com/ubuntu-ports jammy/universe arm64 libopencv-features2d4.5d arm64 4.5.4+dfsg-9ubuntu4 [221 kB]
Get:174 http://ports.ubuntu.com/ubuntu-ports jammy/universe arm64 libopencv-calib3d4.5d arm64 4.5.4+dfsg-9ubuntu4 [654 kB]
Get:175 http://ports.ubuntu.com/ubuntu-ports jammy-updates/main arm64 libprotobuf23 arm64 3.12.4-1ubuntu7.22.04.6 [810 kB]
Get:176 http://ports.ubuntu.com/ubuntu-ports jammy/universe arm64 libopencv-dnn4.5d arm64 4.5.4+dfsg-9ubuntu4 [991 kB]
Get:177 http://ports.ubuntu.com/ubuntu-ports jammy/universe arm64 libopenexr25 arm64 2.5.7-1 [723 kB]
Get:178 http://ports.ubuntu.com/ubuntu-ports jammy/universe arm64 libopencv-imgcodecs4.5d arm64 4.5.4+dfsg-9ubuntu4 [118 kB]
Get:179 http://ports.ubuntu.com/ubuntu-ports jammy/universe arm64 libopencv-highgui4.5d arm64 4.5.4+dfsg-9ubuntu4 [74.1 kB]
Get:180 http://ports.ubuntu.com/ubuntu-ports jammy/universe arm64 libopencv-ml4.5d arm64 4.5.4+dfsg-9ubuntu4 [188 kB]
Get:181 http://ports.ubuntu.com/ubuntu-ports jammy/universe arm64 libopencv-objdetect4.5d arm64 4.5.4+dfsg-9ubuntu4 [168 kB]
Get:182 http://ports.ubuntu.com/ubuntu-ports jammy/universe arm64 libopencv-video4.5d arm64 4.5.4+dfsg-9ubuntu4 [166 kB]
Get:183 http://ports.ubuntu.com/ubuntu-ports jammy/universe arm64 libtesseract4 arm64 4.1.1-2.1build1 [1244 kB]
Get:184 http://ports.ubuntu.com/ubuntu-ports jammy/universe arm64 libopencv-contrib4.5d arm64 4.5.4+dfsg-9ubuntu4 [3449 kB]
Get:185 http://ports.ubuntu.com/ubuntu-ports jammy/universe arm64 libopencv-photo4.5d arm64 4.5.4+dfsg-9ubuntu4 [172 kB]
Get:186 http://ports.ubuntu.com/ubuntu-ports jammy/universe arm64 libopencv-shape4.5d arm64 4.5.4+dfsg-9ubuntu4 [46.9 kB]
Get:187 http://ports.ubuntu.com/ubuntu-ports jammy/universe arm64 libopencv-stitching4.5d arm64 4.5.4+dfsg-9ubuntu4 [185 kB]
Get:188 http://ports.ubuntu.com/ubuntu-ports jammy-updates/universe arm64 libswscale5 arm64 7:4.4.2-0ubuntu0.22.04.1 [158 kB]
Get:189 http://ports.ubuntu.com/ubuntu-ports jammy/universe arm64 libopencv-videoio4.5d arm64 4.5.4+dfsg-9ubuntu4 [180 kB]
Get:190 http://ports.ubuntu.com/ubuntu-ports jammy/main arm64 libopengl0 arm64 1.4.0-1 [38.6 kB]
Get:191 http://ports.ubuntu.com/ubuntu-ports jammy/main arm64 libpciaccess0 arm64 0.16-3 [18.8 kB]
Get:192 http://ports.ubuntu.com/ubuntu-ports jammy-updates/main arm64 libxnvctrl0 arm64 510.47.03-0ubuntu1.22.04.1 [11.2 kB]
Get:193 http://ports.ubuntu.com/ubuntu-ports jammy-updates/universe arm64 libhwloc-plugins arm64 2.7.0-2ubuntu1 [15.6 kB]
Get:194 http://ports.ubuntu.com/ubuntu-ports jammy/universe arm64 libpmix2 arm64 4.1.2-2ubuntu1 [598 kB]
Get:195 http://ports.ubuntu.com/ubuntu-ports jammy/universe arm64 libucx0 arm64 1.12.1~rc2-1 [818 kB]
Get:196 http://ports.ubuntu.com/ubuntu-ports jammy/universe arm64 libopenmpi3 arm64 4.1.2-2ubuntu1 [2468 kB]
Get:197 http://ports.ubuntu.com/ubuntu-ports jammy/universe arm64 libtbb12 arm64 2021.5.0-7ubuntu2 [62.6 kB]
Get:198 http://ports.ubuntu.com/ubuntu-ports jammy/main arm64 libtcl8.6 arm64 8.6.12+dfsg-1build1 [987 kB]
Get:199 http://ports.ubuntu.com/ubuntu-ports jammy/main arm64 libxft2 arm64 2.3.4-1 [40.9 kB]
Get:200 http://ports.ubuntu.com/ubuntu-ports jammy/main arm64 libxss1 arm64 1:1.2.3-1build2 [8252 B]
Get:201 http://ports.ubuntu.com/ubuntu-ports jammy/main arm64 libtk8.6 arm64 8.6.12-1build1 [777 kB]
Get:202 http://ports.ubuntu.com/ubuntu-ports jammy/universe arm64 libvtk9.1 arm64 9.1.0+really9.1.0+dfsg2-3build1 [18.9 MB]
Get:203 http://ports.ubuntu.com/ubuntu-ports jammy/universe arm64 libopencv-viz4.5d arm64 4.5.4+dfsg-9ubuntu4 [102 kB]
Get:204 http://ports.ubuntu.com/ubuntu-ports jammy-updates/main arm64 librsvg2-common arm64 2.52.5+dfsg-3ubuntu0.2 [17.5 kB]
Get:205 http://ports.ubuntu.com/ubuntu-ports jammy-updates/universe arm64 mesa-va-drivers arm64 23.2.1-1ubuntu3.1~22.04.4 [4023 kB]
Get:206 http://ports.ubuntu.com/ubuntu-ports jammy-updates/main arm64 mesa-vdpau-drivers arm64 23.2.1-1ubuntu3.1~22.04.4 [3739 kB]
Get:207 http://ports.ubuntu.com/ubuntu-ports jammy-updates/main arm64 python3-idna all 3.3-1ubuntu0.2 [52.7 kB]
Get:208 http://ports.ubuntu.com/ubuntu-ports jammy/universe arm64 python3-multidict arm64 5.1.0-1build2 [39.3 kB]
Get:209 http://ports.ubuntu.com/ubuntu-ports jammy/universe arm64 python3-yarl arm64 1.7.2-1build1 [46.1 kB]
Get:210 http://ports.ubuntu.com/ubuntu-ports jammy/universe arm64 python3-typing-extensions all 3.10.0.2-1 [35.7 kB]
Get:211 http://ports.ubuntu.com/ubuntu-ports jammy/universe arm64 python3-async-timeout all 4.0.1-1 [6546 B]
Get:212 http://ports.ubuntu.com/ubuntu-ports jammy/universe arm64 python3-frozenlist arm64 1.2.0-1build1 [65.3 kB]
Get:213 http://ports.ubuntu.com/ubuntu-ports jammy/universe arm64 python3-aiosignal all 1.2.0-2 [5646 B]
Get:214 http://ports.ubuntu.com/ubuntu-ports jammy/universe arm64 python3-charset-normalizer all 2.0.6-2 [32.2 kB]
Get:215 http://ports.ubuntu.com/ubuntu-ports jammy-updates/universe arm64 python3-aiohttp arm64 3.8.1-4ubuntu0.2 [250 kB]
Get:216 http://ports.ubuntu.com/ubuntu-ports jammy/universe arm64 python3-opencv arm64 4.5.4+dfsg-9ubuntu4 [1595 kB]
Get:217 http://ports.ubuntu.com/ubuntu-ports jammy/universe arm64 va-driver-all arm64 2.14.0-1 [3952 B]
Get:218 http://ports.ubuntu.com/ubuntu-ports jammy/main arm64 vdpau-driver-all arm64 1.4-3build2 [4510 B]
Get:219 http://ports.ubuntu.com/ubuntu-ports jammy/universe arm64 proj-bin arm64 8.2.1-1 [147 kB]
debconf: delaying package configuration, since apt-utils is not installed
Fetched 132 MB in 24s (5589 kB/s)
Selecting previously unselected package libapparmor1:arm64.
(Reading database ... (Reading database ... 5%(Reading database ... 10%(Reading database ... 15%(Reading database ... 20%(Reading database ... 25%(Reading database ... 30%(Reading database ... 35%(Reading database ... 40%(Reading database ... 45%(Reading database ... 50%(Reading database ... 55%(Reading database ... 60%(Reading database ... 65%(Reading database ... 70%(Reading database ... 75%(Reading database ... 80%(Reading database ... 85%(Reading database ... 90%(Reading database ... 95%(Reading database ... 100%(Reading database ... 40524 files and directories currently installed.)
Preparing to unpack .../0-libapparmor1_3.0.4-2ubuntu2.5_arm64.deb ...
Unpacking libapparmor1:arm64 (3.0.4-2ubuntu2.5) ...
Selecting previously unselected package libargon2-1:arm64.
Preparing to unpack .../1-libargon2-1_0~20171227-0.3_arm64.deb ...
Unpacking libargon2-1:arm64 (0~20171227-0.3) ...
Selecting previously unselected package libdevmapper1.02.1:arm64.
Preparing to unpack .../2-libdevmapper1.02.1_2%3a1.02.175-2.1ubuntu5_arm64.deb ...
Unpacking libdevmapper1.02.1:arm64 (2:1.02.175-2.1ubuntu5) ...
Selecting previously unselected package libjson-c5:arm64.
Preparing to unpack .../3-libjson-c5_0.15-3~ubuntu1.22.04.2_arm64.deb ...
Unpacking libjson-c5:arm64 (0.15-3~ubuntu1.22.04.2) ...
Selecting previously unselected package libcryptsetup12:arm64.
Preparing to unpack .../4-libcryptsetup12_2%3a2.4.3-1ubuntu1.3_arm64.deb ...
Unpacking libcryptsetup12:arm64 (2:2.4.3-1ubuntu1.3) ...
Selecting previously unselected package libip4tc2:arm64.
Preparing to unpack .../5-libip4tc2_1.8.7-1ubuntu5.2_arm64.deb ...
Unpacking libip4tc2:arm64 (1.8.7-1ubuntu5.2) ...
Selecting previously unselected package libkmod2:arm64.
Preparing to unpack .../6-libkmod2_29-1ubuntu1.1_arm64.deb ...
Unpacking libkmod2:arm64 (29-1ubuntu1.1) ...
Selecting previously unselected package systemd.
Preparing to unpack .../7-systemd_249.11-0ubuntu3.22_arm64.deb ...
Unpacking systemd (249.11-0ubuntu3.22) ...
Setting up libapparmor1:arm64 (3.0.4-2ubuntu2.5) ...
Setting up libargon2-1:arm64 (0~20171227-0.3) ...
Setting up libdevmapper1.02.1:arm64 (2:1.02.175-2.1ubuntu5) ...
Setting up libjson-c5:arm64 (0.15-3~ubuntu1.22.04.2) ...
Setting up libcryptsetup12:arm64 (2:2.4.3-1ubuntu1.3) ...
Setting up libip4tc2:arm64 (1.8.7-1ubuntu5.2) ...
Setting up libkmod2:arm64 (29-1ubuntu1.1) ...
Setting up systemd (249.11-0ubuntu3.22) ...
Created symlink /etc/systemd/system/getty.target.wants/getty@tty1.service → /lib/systemd/system/getty@.service.
Created symlink /etc/systemd/system/multi-user.target.wants/remote-fs.target → /lib/systemd/system/remote-fs.target.
Created symlink /etc/systemd/system/dbus-org.freedesktop.resolve1.service → /lib/systemd/system/systemd-resolved.service.
Created symlink /etc/systemd/system/multi-user.target.wants/systemd-resolved.service → /lib/systemd/system/systemd-resolved.service.
ln: failed to create symbolic link '/etc/resolv.conf': Device or resource busy
Created symlink /etc/systemd/system/sysinit.target.wants/systemd-pstore.service → /lib/systemd/system/systemd-pstore.service.
Initializing machine ID from random generator.
Selecting previously unselected package systemd-sysv.
(Reading database ... (Reading database ... 5%(Reading database ... 10%(Reading database ... 15%(Reading database ... 20%(Reading database ... 25%(Reading database ... 30%(Reading database ... 35%(Reading database ... 40%(Reading database ... 45%(Reading database ... 50%(Reading database ... 55%(Reading database ... 60%(Reading database ... 65%(Reading database ... 70%(Reading database ... 75%(Reading database ... 80%(Reading database ... 85%(Reading database ... 90%(Reading database ... 95%(Reading database ... 100%(Reading database ... 41337 files and directories currently installed.)
Preparing to unpack .../000-systemd-sysv_249.11-0ubuntu3.22_arm64.deb ...
Unpacking systemd-sysv (249.11-0ubuntu3.22) ...
Selecting previously unselected package poppler-data.
Preparing to unpack .../001-poppler-data_0.4.11-1_all.deb ...
Unpacking poppler-data (0.4.11-1) ...
Selecting previously unselected package dbus.
Preparing to unpack .../002-dbus_1.12.20-2ubuntu4.1_arm64.deb ...
Unpacking dbus (1.12.20-2ubuntu4.1) ...
Selecting previously unselected package dmsetup.
Preparing to unpack .../003-dmsetup_2%3a1.02.175-2.1ubuntu5_arm64.deb ...
Unpacking dmsetup (2:1.02.175-2.1ubuntu5) ...
Selecting previously unselected package libgirepository-1.0-1:arm64.
Preparing to unpack .../004-libgirepository-1.0-1_1.72.0-1_arm64.deb ...
Unpacking libgirepository-1.0-1:arm64 (1.72.0-1) ...
Selecting previously unselected package gir1.2-glib-2.0:arm64.
Preparing to unpack .../005-gir1.2-glib-2.0_1.72.0-1_arm64.deb ...
Unpacking gir1.2-glib-2.0:arm64 (1.72.0-1) ...
Selecting previously unselected package libcap2-bin.
Preparing to unpack .../006-libcap2-bin_1%3a2.44-1ubuntu0.22.04.3_arm64.deb ...
Unpacking libcap2-bin (1:2.44-1ubuntu0.22.04.3) ...
Selecting previously unselected package iputils-ping.
Preparing to unpack .../007-iputils-ping_3%3a20211215-1ubuntu0.1_arm64.deb ...
Unpacking iputils-ping (3:20211215-1ubuntu0.1) ...
Selecting previously unselected package iso-codes.
Preparing to unpack .../008-iso-codes_4.9.0-1_all.deb ...
Unpacking iso-codes (4.9.0-1) ...
Selecting previously unselected package libnss-systemd:arm64.
Preparing to unpack .../009-libnss-systemd_249.11-0ubuntu3.22_arm64.deb ...
Unpacking libnss-systemd:arm64 (249.11-0ubuntu3.22) ...
Selecting previously unselected package libpam-cap:arm64.
Preparing to unpack .../010-libpam-cap_1%3a2.44-1ubuntu0.22.04.3_arm64.deb ...
Unpacking libpam-cap:arm64 (1:2.44-1ubuntu0.22.04.3) ...
Selecting previously unselected package libpam-systemd:arm64.
Preparing to unpack .../011-libpam-systemd_249.11-0ubuntu3.22_arm64.deb ...
Unpacking libpam-systemd:arm64 (249.11-0ubuntu3.22) ...
Selecting previously unselected package python3-gi.
Preparing to unpack .../012-python3-gi_3.42.1-0ubuntu1_arm64.deb ...
Unpacking python3-gi (3.42.1-0ubuntu1) ...
Selecting previously unselected package networkd-dispatcher.
Preparing to unpack .../013-networkd-dispatcher_2.1-2ubuntu0.22.04.2_all.deb ...
Unpacking networkd-dispatcher (2.1-2ubuntu0.22.04.2) ...
Selecting previously unselected package shared-mime-info.
Preparing to unpack .../014-shared-mime-info_2.1-2_arm64.deb ...
Unpacking shared-mime-info (2.1-2) ...
Selecting previously unselected package systemd-timesyncd.
Preparing to unpack .../015-systemd-timesyncd_249.11-0ubuntu3.22_arm64.deb ...
Unpacking systemd-timesyncd (249.11-0ubuntu3.22) ...
Selecting previously unselected package libnuma1:arm64.
Preparing to unpack .../016-libnuma1_2.0.14-3ubuntu2_arm64.deb ...
Unpacking libnuma1:arm64 (2.0.14-3ubuntu2) ...
Selecting previously unselected package libusb-1.0-0:arm64.
Preparing to unpack .../017-libusb-1.0-0_2%3a1.0.25-1ubuntu2_arm64.deb ...
Unpacking libusb-1.0-0:arm64 (2:1.0.25-1ubuntu2) ...
Selecting previously unselected package hicolor-icon-theme.
Preparing to unpack .../018-hicolor-icon-theme_0.17-2_all.deb ...
Unpacking hicolor-icon-theme (0.17-2) ...
Selecting previously unselected package libgdk-pixbuf2.0-common.
Preparing to unpack .../019-libgdk-pixbuf2.0-common_2.42.8+dfsg-1ubuntu0.5_all.deb ...
Unpacking libgdk-pixbuf2.0-common (2.42.8+dfsg-1ubuntu0.5) ...
Selecting previously unselected package libgdk-pixbuf-2.0-0:arm64.
Preparing to unpack .../020-libgdk-pixbuf-2.0-0_2.42.8+dfsg-1ubuntu0.5_arm64.deb ...
Unpacking libgdk-pixbuf-2.0-0:arm64 (2.42.8+dfsg-1ubuntu0.5) ...
Selecting previously unselected package gtk-update-icon-cache.
Preparing to unpack .../021-gtk-update-icon-cache_3.24.33-1ubuntu2.2_arm64.deb ...
Unpacking gtk-update-icon-cache (3.24.33-1ubuntu2.2) ...
Selecting previously unselected package humanity-icon-theme.
Preparing to unpack .../022-humanity-icon-theme_0.6.16_all.deb ...
Unpacking humanity-icon-theme (0.6.16) ...
Selecting previously unselected package ubuntu-mono.
Preparing to unpack .../023-ubuntu-mono_20.10-0ubuntu2_all.deb ...
Unpacking ubuntu-mono (20.10-0ubuntu2) ...
Selecting previously unselected package adwaita-icon-theme.
Preparing to unpack .../024-adwaita-icon-theme_41.0-1ubuntu1_all.deb ...
Unpacking adwaita-icon-theme (41.0-1ubuntu1) ...
Selecting previously unselected package dbus-user-session.
Preparing to unpack .../025-dbus-user-session_1.12.20-2ubuntu4.1_arm64.deb ...
Unpacking dbus-user-session (1.12.20-2ubuntu4.1) ...
Selecting previously unselected package libdconf1:arm64.
Preparing to unpack .../026-libdconf1_0.40.0-3ubuntu0.1_arm64.deb ...
Unpacking libdconf1:arm64 (0.40.0-3ubuntu0.1) ...
Selecting previously unselected package dconf-service.
Preparing to unpack .../027-dconf-service_0.40.0-3ubuntu0.1_arm64.deb ...
Unpacking dconf-service (0.40.0-3ubuntu0.1) ...
Selecting previously unselected package dconf-gsettings-backend:arm64.
Preparing to unpack .../028-dconf-gsettings-backend_0.40.0-3ubuntu0.1_arm64.deb ...
Unpacking dconf-gsettings-backend:arm64 (0.40.0-3ubuntu0.1) ...
Selecting previously unselected package gdal-data.
Preparing to unpack .../029-gdal-data_3.4.1+dfsg-1build4_all.deb ...
Unpacking gdal-data (3.4.1+dfsg-1build4) ...
Selecting previously unselected package libcdparanoia0:arm64.
Preparing to unpack .../030-libcdparanoia0_3.10.2+debian-14build2_arm64.deb ...
Unpacking libcdparanoia0:arm64 (3.10.2+debian-14build2) ...
Selecting previously unselected package libdw1:arm64.
Preparing to unpack .../031-libdw1_0.186-1ubuntu0.1_arm64.deb ...
Unpacking libdw1:arm64 (0.186-1ubuntu0.1) ...
Selecting previously unselected package libgstreamer1.0-0:arm64.
Preparing to unpack .../032-libgstreamer1.0-0_1.20.3-0ubuntu1.1_arm64.deb ...
Unpacking libgstreamer1.0-0:arm64 (1.20.3-0ubuntu1.1) ...
Selecting previously unselected package liborc-0.4-0:arm64.
Preparing to unpack .../033-liborc-0.4-0_1%3a0.4.32-2ubuntu0.1_arm64.deb ...
Unpacking liborc-0.4-0:arm64 (1:0.4.32-2ubuntu0.1) ...
Selecting previously unselected package libgstreamer-plugins-base1.0-0:arm64.
Preparing to unpack .../034-libgstreamer-plugins-base1.0-0_1.20.1-1ubuntu0.6_arm64.deb ...
Unpacking libgstreamer-plugins-base1.0-0:arm64 (1.20.1-1ubuntu0.6) ...
Selecting previously unselected package libogg0:arm64.
Preparing to unpack .../035-libogg0_1.3.5-0ubuntu3_arm64.deb ...
Unpacking libogg0:arm64 (1.3.5-0ubuntu3) ...
Selecting previously unselected package libopus0:arm64.
Preparing to unpack .../036-libopus0_1.3.1-0.1build2_arm64.deb ...
Unpacking libopus0:arm64 (1.3.1-0.1build2) ...
Selecting previously unselected package libtheora0:arm64.
Preparing to unpack .../037-libtheora0_1.1.1+dfsg.1-15ubuntu4_arm64.deb ...
Unpacking libtheora0:arm64 (1.1.1+dfsg.1-15ubuntu4) ...
Selecting previously unselected package libvisual-0.4-0:arm64.
Preparing to unpack .../038-libvisual-0.4-0_0.4.0-17build2_arm64.deb ...
Unpacking libvisual-0.4-0:arm64 (0.4.0-17build2) ...
Selecting previously unselected package libvorbis0a:arm64.
Preparing to unpack .../039-libvorbis0a_1.3.7-1build2_arm64.deb ...
Unpacking libvorbis0a:arm64 (1.3.7-1build2) ...
Selecting previously unselected package libvorbisenc2:arm64.
Preparing to unpack .../040-libvorbisenc2_1.3.7-1build2_arm64.deb ...
Unpacking libvorbisenc2:arm64 (1.3.7-1build2) ...
Selecting previously unselected package gstreamer1.0-plugins-base:arm64.
Preparing to unpack .../041-gstreamer1.0-plugins-base_1.20.1-1ubuntu0.6_arm64.deb ...
Unpacking gstreamer1.0-plugins-base:arm64 (1.20.1-1ubuntu0.6) ...
Selecting previously unselected package libnl-3-200:arm64.
Preparing to unpack .../042-libnl-3-200_3.5.0-0.1_arm64.deb ...
Unpacking libnl-3-200:arm64 (3.5.0-0.1) ...
Selecting previously unselected package libnl-route-3-200:arm64.
Preparing to unpack .../043-libnl-route-3-200_3.5.0-0.1_arm64.deb ...
Unpacking libnl-route-3-200:arm64 (3.5.0-0.1) ...
Selecting previously unselected package libibverbs1:arm64.
Preparing to unpack .../044-libibverbs1_39.0-1_arm64.deb ...
Unpacking libibverbs1:arm64 (39.0-1) ...
Selecting previously unselected package ibverbs-providers:arm64.
Preparing to unpack .../045-ibverbs-providers_39.0-1_arm64.deb ...
Unpacking ibverbs-providers:arm64 (39.0-1) ...
Selecting previously unselected package libaacs0:arm64.
Preparing to unpack .../046-libaacs0_0.11.1-1_arm64.deb ...
Unpacking libaacs0:arm64 (0.11.1-1) ...
Selecting previously unselected package libaec0:arm64.
Preparing to unpack .../047-libaec0_1.0.6-1_arm64.deb ...
Unpacking libaec0:arm64 (1.0.6-1) ...
Selecting previously unselected package libaom3:arm64.
Preparing to unpack .../048-libaom3_3.3.0-1ubuntu0.1_arm64.deb ...
Unpacking libaom3:arm64 (3.3.0-1ubuntu0.1) ...
Selecting previously unselected package libarpack2:arm64.
Preparing to unpack .../049-libarpack2_3.8.0-1_arm64.deb ...
Unpacking libarpack2:arm64 (3.8.0-1) ...
Selecting previously unselected package libsuperlu5:arm64.
Preparing to unpack .../050-libsuperlu5_5.3.0+dfsg1-2_arm64.deb ...
Unpacking libsuperlu5:arm64 (5.3.0+dfsg1-2) ...
Selecting previously unselected package libarmadillo10.
Preparing to unpack .../051-libarmadillo10_1%3a10.8.2+dfsg-1_arm64.deb ...
Unpacking libarmadillo10 (1:10.8.2+dfsg-1) ...
Selecting previously unselected package libva2:arm64.
Preparing to unpack .../052-libva2_2.14.0-1_arm64.deb ...
Unpacking libva2:arm64 (2.14.0-1) ...
Selecting previously unselected package libva-drm2:arm64.
Preparing to unpack .../053-libva-drm2_2.14.0-1_arm64.deb ...
Unpacking libva-drm2:arm64 (2.14.0-1) ...
Selecting previously unselected package libva-x11-2:arm64.
Preparing to unpack .../054-libva-x11-2_2.14.0-1_arm64.deb ...
Unpacking libva-x11-2:arm64 (2.14.0-1) ...
Selecting previously unselected package libvdpau1:arm64.
Preparing to unpack .../055-libvdpau1_1.4-3build2_arm64.deb ...
Unpacking libvdpau1:arm64 (1.4-3build2) ...
Selecting previously unselected package ocl-icd-libopencl1:arm64.
Preparing to unpack .../056-ocl-icd-libopencl1_2.2.14-3_arm64.deb ...
Unpacking ocl-icd-libopencl1:arm64 (2.2.14-3) ...
Selecting previously unselected package libavutil56:arm64.
Preparing to unpack .../057-libavutil56_7%3a4.4.2-0ubuntu0.22.04.1_arm64.deb ...
Unpacking libavutil56:arm64 (7:4.4.2-0ubuntu0.22.04.1) ...
Selecting previously unselected package libcodec2-1.0:arm64.
Preparing to unpack .../058-libcodec2-1.0_1.0.1-3_arm64.deb ...
Unpacking libcodec2-1.0:arm64 (1.0.1-3) ...
Selecting previously unselected package libdav1d5:arm64.
Preparing to unpack .../059-libdav1d5_0.9.2-1_arm64.deb ...
Unpacking libdav1d5:arm64 (0.9.2-1) ...
Selecting previously unselected package libgsm1:arm64.
Preparing to unpack .../060-libgsm1_1.0.19-1_arm64.deb ...
Unpacking libgsm1:arm64 (1.0.19-1) ...
Selecting previously unselected package libmp3lame0:arm64.
Preparing to unpack .../061-libmp3lame0_3.100-3build2_arm64.deb ...
Unpacking libmp3lame0:arm64 (3.100-3build2) ...
Selecting previously unselected package libopenjp2-7:arm64.
Preparing to unpack .../062-libopenjp2-7_2.4.0-6ubuntu0.5_arm64.deb ...
Unpacking libopenjp2-7:arm64 (2.4.0-6ubuntu0.5) ...
Selecting previously unselected package libcairo-gobject2:arm64.
Preparing to unpack .../063-libcairo-gobject2_1.16.0-5ubuntu2.1_arm64.deb ...
Unpacking libcairo-gobject2:arm64 (1.16.0-5ubuntu2.1) ...
Selecting previously unselected package librsvg2-2:arm64.
Preparing to unpack .../064-librsvg2-2_2.52.5+dfsg-3ubuntu0.2_arm64.deb ...
Unpacking librsvg2-2:arm64 (2.52.5+dfsg-3ubuntu0.2) ...
Selecting previously unselected package libshine3:arm64.
Preparing to unpack .../065-libshine3_3.1.1-2_arm64.deb ...
Unpacking libshine3:arm64 (3.1.1-2) ...
Selecting previously unselected package libsnappy1v5:arm64.
Preparing to unpack .../066-libsnappy1v5_1.1.8-1build3_arm64.deb ...
Unpacking libsnappy1v5:arm64 (1.1.8-1build3) ...
Selecting previously unselected package libspeex1:arm64.
Preparing to unpack .../067-libspeex1_1.2~rc1.2-1.1ubuntu3_arm64.deb ...
Unpacking libspeex1:arm64 (1.2~rc1.2-1.1ubuntu3) ...
Selecting previously unselected package libsoxr0:arm64.
Preparing to unpack .../068-libsoxr0_0.1.3-4build2_arm64.deb ...
Unpacking libsoxr0:arm64 (0.1.3-4build2) ...
Selecting previously unselected package libswresample3:arm64.
Preparing to unpack .../069-libswresample3_7%3a4.4.2-0ubuntu0.22.04.1_arm64.deb ...
Unpacking libswresample3:arm64 (7:4.4.2-0ubuntu0.22.04.1) ...
Selecting previously unselected package libtwolame0:arm64.
Preparing to unpack .../070-libtwolame0_0.4.0-2build2_arm64.deb ...
Unpacking libtwolame0:arm64 (0.4.0-2build2) ...
Selecting previously unselected package libvpx7:arm64.
Preparing to unpack .../071-libvpx7_1.11.0-2ubuntu2.5_arm64.deb ...
Unpacking libvpx7:arm64 (1.11.0-2ubuntu2.5) ...
Selecting previously unselected package libwebpmux3:arm64.
Preparing to unpack .../072-libwebpmux3_1.2.2-2ubuntu0.22.04.2_arm64.deb ...
Unpacking libwebpmux3:arm64 (1.2.2-2ubuntu0.22.04.2) ...
Selecting previously unselected package libx264-163:arm64.
Preparing to unpack .../073-libx264-163_2%3a0.163.3060+git5db6aa6-2build1_arm64.deb ...
Unpacking libx264-163:arm64 (2:0.163.3060+git5db6aa6-2build1) ...
Selecting previously unselected package libx265-199:arm64.
Preparing to unpack .../074-libx265-199_3.5-2_arm64.deb ...
Unpacking libx265-199:arm64 (3.5-2) ...
Selecting previously unselected package libxvidcore4:arm64.
Preparing to unpack .../075-libxvidcore4_2%3a1.3.7-1_arm64.deb ...
Unpacking libxvidcore4:arm64 (2:1.3.7-1) ...
Selecting previously unselected package libzvbi-common.
Preparing to unpack .../076-libzvbi-common_0.2.35-19_all.deb ...
Unpacking libzvbi-common (0.2.35-19) ...
Selecting previously unselected package libzvbi0:arm64.
Preparing to unpack .../077-libzvbi0_0.2.35-19_arm64.deb ...
Unpacking libzvbi0:arm64 (0.2.35-19) ...
Selecting previously unselected package libavcodec58:arm64.
Preparing to unpack .../078-libavcodec58_7%3a4.4.2-0ubuntu0.22.04.1_arm64.deb ...
Unpacking libavcodec58:arm64 (7:4.4.2-0ubuntu0.22.04.1) ...
Selecting previously unselected package libudfread0:arm64.
Preparing to unpack .../079-libudfread0_1.1.2-1_arm64.deb ...
Unpacking libudfread0:arm64 (1.1.2-1) ...
Selecting previously unselected package libbluray2:arm64.
Preparing to unpack .../080-libbluray2_1%3a1.3.1-1_arm64.deb ...
Unpacking libbluray2:arm64 (1:1.3.1-1) ...
Selecting previously unselected package libchromaprint1:arm64.
Preparing to unpack .../081-libchromaprint1_1.5.1-2_arm64.deb ...
Unpacking libchromaprint1:arm64 (1.5.1-2) ...
Selecting previously unselected package libgme0:arm64.
Preparing to unpack .../082-libgme0_0.6.3-2_arm64.deb ...
Unpacking libgme0:arm64 (0.6.3-2) ...
Selecting previously unselected package libmpg123-0:arm64.
Preparing to unpack .../083-libmpg123-0_1.29.3-1ubuntu0.1_arm64.deb ...
Unpacking libmpg123-0:arm64 (1.29.3-1ubuntu0.1) ...
Selecting previously unselected package libvorbisfile3:arm64.
Preparing to unpack .../084-libvorbisfile3_1.3.7-1build2_arm64.deb ...
Unpacking libvorbisfile3:arm64 (1.3.7-1build2) ...
Selecting previously unselected package libopenmpt0:arm64.
Preparing to unpack .../085-libopenmpt0_0.6.1-1_arm64.deb ...
Unpacking libopenmpt0:arm64 (0.6.1-1) ...
Selecting previously unselected package librabbitmq4:arm64.
Preparing to unpack .../086-librabbitmq4_0.10.0-1ubuntu2.2_arm64.deb ...
Unpacking librabbitmq4:arm64 (0.10.0-1ubuntu2.2) ...
Selecting previously unselected package libsrt1.4-gnutls:arm64.
Preparing to unpack .../087-libsrt1.4-gnutls_1.4.4-4_arm64.deb ...
Unpacking libsrt1.4-gnutls:arm64 (1.4.4-4) ...
Selecting previously unselected package libssh-gcrypt-4:arm64.
Preparing to unpack .../088-libssh-gcrypt-4_0.9.6-2ubuntu0.22.04.8_arm64.deb ...
Unpacking libssh-gcrypt-4:arm64 (0.9.6-2ubuntu0.22.04.8) ...
Selecting previously unselected package libnorm1:arm64.
Preparing to unpack .../089-libnorm1_1.5.9+dfsg-2_arm64.deb ...
Unpacking libnorm1:arm64 (1.5.9+dfsg-2) ...
Selecting previously unselected package libpgm-5.3-0:arm64.
Preparing to unpack .../090-libpgm-5.3-0_5.3.128~dfsg-2_arm64.deb ...
Unpacking libpgm-5.3-0:arm64 (5.3.128~dfsg-2) ...
Selecting previously unselected package libsodium23:arm64.
Preparing to unpack .../091-libsodium23_1.0.18-1ubuntu0.22.04.1_arm64.deb ...
Unpacking libsodium23:arm64 (1.0.18-1ubuntu0.22.04.1) ...
Selecting previously unselected package libzmq5:arm64.
Preparing to unpack .../092-libzmq5_4.3.4-2_arm64.deb ...
Unpacking libzmq5:arm64 (4.3.4-2) ...
Selecting previously unselected package libavformat58:arm64.
Preparing to unpack .../093-libavformat58_7%3a4.4.2-0ubuntu0.22.04.1_arm64.deb ...
Unpacking libavformat58:arm64 (7:4.4.2-0ubuntu0.22.04.1) ...
Selecting previously unselected package libbdplus0:arm64.
Preparing to unpack .../094-libbdplus0_0.2.0-1_arm64.deb ...
Unpacking libbdplus0:arm64 (0.2.0-1) ...
Selecting previously unselected package libblosc1:arm64.
Preparing to unpack .../095-libblosc1_1.21.1+ds2-2_arm64.deb ...
Unpacking libblosc1:arm64 (1.21.1+ds2-2) ...
Selecting previously unselected package libcfitsio9:arm64.
Preparing to unpack .../096-libcfitsio9_4.0.0-1_arm64.deb ...
Unpacking libcfitsio9:arm64 (4.0.0-1) ...
Selecting previously unselected package libcharls2:arm64.
Preparing to unpack .../097-libcharls2_2.3.4-1_arm64.deb ...
Unpacking libcharls2:arm64 (2.3.4-1) ...
Selecting previously unselected package liblcms2-2:arm64.
Preparing to unpack .../098-liblcms2-2_2.12~rc1-2ubuntu0.1_arm64.deb ...
Unpacking liblcms2-2:arm64 (2.12~rc1-2ubuntu0.1) ...
Selecting previously unselected package libcolord2:arm64.
Preparing to unpack .../099-libcolord2_1.4.6-1_arm64.deb ...
Unpacking libcolord2:arm64 (1.4.6-1) ...
Selecting previously unselected package libraw1394-11:arm64.
Preparing to unpack .../100-libraw1394-11_2.1.2-2build2_arm64.deb ...
Unpacking libraw1394-11:arm64 (2.1.2-2build2) ...
Selecting previously unselected package libdc1394-25:arm64.
Preparing to unpack .../101-libdc1394-25_2.2.6-4_arm64.deb ...
Unpacking libdc1394-25:arm64 (2.2.6-4) ...
Selecting previously unselected package libde265-0:arm64.
Preparing to unpack .../102-libde265-0_1.0.8-1ubuntu0.3_arm64.deb ...
Unpacking libde265-0:arm64 (1.0.8-1ubuntu0.3) ...
Selecting previously unselected package libdouble-conversion3:arm64.
Preparing to unpack .../103-libdouble-conversion3_3.1.7-4_arm64.deb ...
Unpacking libdouble-conversion3:arm64 (3.1.7-4) ...
Selecting previously unselected package libepoxy0:arm64.
Preparing to unpack .../104-libepoxy0_1.5.10-1_arm64.deb ...
Unpacking libepoxy0:arm64 (1.5.10-1) ...
Selecting previously unselected package libevent-core-2.1-7:arm64.
Preparing to unpack .../105-libevent-core-2.1-7_2.1.12-stable-1ubuntu0.1_arm64.deb ...
Unpacking libevent-core-2.1-7:arm64 (2.1.12-stable-1ubuntu0.1) ...
Selecting previously unselected package libevent-pthreads-2.1-7:arm64.
Preparing to unpack .../106-libevent-pthreads-2.1-7_2.1.12-stable-1ubuntu0.1_arm64.deb ...
Unpacking libevent-pthreads-2.1-7:arm64 (2.1.12-stable-1ubuntu0.1) ...
Selecting previously unselected package libexif12:arm64.
Preparing to unpack .../107-libexif12_0.6.24-1ubuntu0.22.04.1_arm64.deb ...
Unpacking libexif12:arm64 (0.6.24-1ubuntu0.22.04.1) ...
Selecting previously unselected package librdmacm1:arm64.
Preparing to unpack .../108-librdmacm1_39.0-1_arm64.deb ...
Unpacking librdmacm1:arm64 (39.0-1) ...
Selecting previously unselected package libfabric1:arm64.
Preparing to unpack .../109-libfabric1_1.11.0-3_arm64.deb ...
Unpacking libfabric1:arm64 (1.11.0-3) ...
Selecting previously unselected package libfyba0:arm64.
Preparing to unpack .../110-libfyba0_4.1.1-7_arm64.deb ...
Unpacking libfyba0:arm64 (4.1.1-7) ...
Selecting previously unselected package libfreexl1:arm64.
Preparing to unpack .../111-libfreexl1_1.0.6-1_arm64.deb ...
Unpacking libfreexl1:arm64 (1.0.6-1) ...
Selecting previously unselected package libgeos3.10.2:arm64.
Preparing to unpack .../112-libgeos3.10.2_3.10.2-1_arm64.deb ...
Unpacking libgeos3.10.2:arm64 (3.10.2-1) ...
Selecting previously unselected package libgeos-c1v5:arm64.
Preparing to unpack .../113-libgeos-c1v5_3.10.2-1_arm64.deb ...
Unpacking libgeos-c1v5:arm64 (3.10.2-1) ...
Selecting previously unselected package proj-data.
Preparing to unpack .../114-proj-data_8.2.1-1_all.deb ...
Unpacking proj-data (8.2.1-1) ...
Selecting previously unselected package libproj22:arm64.
Preparing to unpack .../115-libproj22_8.2.1-1_arm64.deb ...
Unpacking libproj22:arm64 (8.2.1-1) ...
Selecting previously unselected package libgeotiff5:arm64.
Preparing to unpack .../116-libgeotiff5_1.7.0-2build1_arm64.deb ...
Unpacking libgeotiff5:arm64 (1.7.0-2build1) ...
Selecting previously unselected package libgif7:arm64.
Preparing to unpack .../117-libgif7_5.1.9-2ubuntu0.3_arm64.deb ...
Unpacking libgif7:arm64 (5.1.9-2ubuntu0.3) ...
Selecting previously unselected package libhdf4-0-alt.
Preparing to unpack .../118-libhdf4-0-alt_4.2.15-4_arm64.deb ...
Unpacking libhdf4-0-alt (4.2.15-4) ...
Selecting previously unselected package libsz2:arm64.
Preparing to unpack .../119-libsz2_1.0.6-1_arm64.deb ...
Unpacking libsz2:arm64 (1.0.6-1) ...
Selecting previously unselected package libhdf5-103-1:arm64.
Preparing to unpack .../120-libhdf5-103-1_1.10.7+repack-4ubuntu2_arm64.deb ...
Unpacking libhdf5-103-1:arm64 (1.10.7+repack-4ubuntu2) ...
Selecting previously unselected package libheif1:arm64.
Preparing to unpack .../121-libheif1_1.12.0-2build1_arm64.deb ...
Unpacking libheif1:arm64 (1.12.0-2build1) ...
Selecting previously unselected package libminizip1:arm64.
Preparing to unpack .../122-libminizip1_1.1-8build1_arm64.deb ...
Unpacking libminizip1:arm64 (1.1-8build1) ...
Selecting previously unselected package liburiparser1:arm64.
Preparing to unpack .../123-liburiparser1_0.9.6+dfsg-1_arm64.deb ...
Unpacking liburiparser1:arm64 (0.9.6+dfsg-1) ...
Selecting previously unselected package libkmlbase1:arm64.
Preparing to unpack .../124-libkmlbase1_1.3.0-9_arm64.deb ...
Unpacking libkmlbase1:arm64 (1.3.0-9) ...
Selecting previously unselected package libkmldom1:arm64.
Preparing to unpack .../125-libkmldom1_1.3.0-9_arm64.deb ...
Unpacking libkmldom1:arm64 (1.3.0-9) ...
Selecting previously unselected package libkmlengine1:arm64.
Preparing to unpack .../126-libkmlengine1_1.3.0-9_arm64.deb ...
Unpacking libkmlengine1:arm64 (1.3.0-9) ...
Selecting previously unselected package mysql-common.
Preparing to unpack .../127-mysql-common_5.8+1.0.8_all.deb ...
Unpacking mysql-common (5.8+1.0.8) ...
Selecting previously unselected package libmysqlclient21:arm64.
Preparing to unpack .../128-libmysqlclient21_8.0.46-0ubuntu0.22.04.4_arm64.deb ...
Unpacking libmysqlclient21:arm64 (8.0.46-0ubuntu0.22.04.4) ...
Selecting previously unselected package libhdf5-hl-100:arm64.
Preparing to unpack .../129-libhdf5-hl-100_1.10.7+repack-4ubuntu2_arm64.deb ...
Unpacking libhdf5-hl-100:arm64 (1.10.7+repack-4ubuntu2) ...
Selecting previously unselected package libnetcdf19:arm64.
Preparing to unpack .../130-libnetcdf19_1%3a4.8.1-1_arm64.deb ...
Unpacking libnetcdf19:arm64 (1:4.8.1-1) ...
Selecting previously unselected package libodbc2:arm64.
Preparing to unpack .../131-libodbc2_2.3.9-5ubuntu0.1_arm64.deb ...
Unpacking libodbc2:arm64 (2.3.9-5ubuntu0.1) ...
Selecting previously unselected package unixodbc-common.
Preparing to unpack .../132-unixodbc-common_2.3.9-5ubuntu0.1_all.deb ...
Unpacking unixodbc-common (2.3.9-5ubuntu0.1) ...
Selecting previously unselected package libodbcinst2:arm64.
Preparing to unpack .../133-libodbcinst2_2.3.9-5ubuntu0.1_arm64.deb ...
Unpacking libodbcinst2:arm64 (2.3.9-5ubuntu0.1) ...
Selecting previously unselected package libogdi4.1.
Preparing to unpack .../134-libogdi4.1_4.1.0+ds-5_arm64.deb ...
Unpacking libogdi4.1 (4.1.0+ds-5) ...
Selecting previously unselected package libpoppler118:arm64.
Preparing to unpack .../135-libpoppler118_22.02.0-2ubuntu0.13_arm64.deb ...
Unpacking libpoppler118:arm64 (22.02.0-2ubuntu0.13) ...
Selecting previously unselected package libpq5:arm64.
Preparing to unpack .../136-libpq5_14.24-0ubuntu0.22.04.1_arm64.deb ...
Unpacking libpq5:arm64 (14.24-0ubuntu0.22.04.1) ...
Selecting previously unselected package libqhull-r8.0:arm64.
Preparing to unpack .../137-libqhull-r8.0_2020.2-4_arm64.deb ...
Unpacking libqhull-r8.0:arm64 (2020.2-4) ...
Selecting previously unselected package librttopo1:arm64.
Preparing to unpack .../138-librttopo1_1.1.0-2_arm64.deb ...
Unpacking librttopo1:arm64 (1.1.0-2) ...
Selecting previously unselected package libspatialite7:arm64.
Preparing to unpack .../139-libspatialite7_5.0.1-2build2_arm64.deb ...
Unpacking libspatialite7:arm64 (5.0.1-2build2) ...
Selecting previously unselected package libxerces-c3.2:arm64.
Preparing to unpack .../140-libxerces-c3.2_3.2.3+debian-3ubuntu0.1_arm64.deb ...
Unpacking libxerces-c3.2:arm64 (3.2.3+debian-3ubuntu0.1) ...
Selecting previously unselected package libgdal30.
Preparing to unpack .../141-libgdal30_3.4.1+dfsg-1build4_arm64.deb ...
Unpacking libgdal30 (3.4.1+dfsg-1build4) ...
Selecting previously unselected package libsocket++1:arm64.
Preparing to unpack .../142-libsocket++1_1.12.13+git20131030.5d039ba-1_arm64.deb ...
Unpacking libsocket++1:arm64 (1.12.13+git20131030.5d039ba-1) ...
Selecting previously unselected package libgdcm3.0:arm64.
Preparing to unpack .../143-libgdcm3.0_3.0.10-1build2_arm64.deb ...
Unpacking libgdcm3.0:arm64 (3.0.10-1build2) ...
Selecting previously unselected package libgdk-pixbuf2.0-bin.
Preparing to unpack .../144-libgdk-pixbuf2.0-bin_2.42.8+dfsg-1ubuntu0.5_arm64.deb ...
Unpacking libgdk-pixbuf2.0-bin (2.42.8+dfsg-1ubuntu0.5) ...
Selecting previously unselected package libgl2ps1.4.
Preparing to unpack .../145-libgl2ps1.4_1.4.2+dfsg1-2_arm64.deb ...
Unpacking libgl2ps1.4 (1.4.2+dfsg1-2) ...
Selecting previously unselected package libglew2.2:arm64.
Preparing to unpack .../146-libglew2.2_2.2.0-4_arm64.deb ...
Unpacking libglew2.2:arm64 (2.2.0-4) ...
Selecting previously unselected package libgphoto2-port12:arm64.
Preparing to unpack .../147-libgphoto2-port12_2.5.27-1ubuntu0.1_arm64.deb ...
Unpacking libgphoto2-port12:arm64 (2.5.27-1ubuntu0.1) ...
Selecting previously unselected package libgphoto2-6:arm64.
Preparing to unpack .../148-libgphoto2-6_2.5.27-1ubuntu0.1_arm64.deb ...
Unpacking libgphoto2-6:arm64 (2.5.27-1ubuntu0.1) ...
Selecting previously unselected package libgphoto2-l10n.
Preparing to unpack .../149-libgphoto2-l10n_2.5.27-1ubuntu0.1_all.deb ...
Unpacking libgphoto2-l10n (2.5.27-1ubuntu0.1) ...
Selecting previously unselected package libwayland-cursor0:arm64.
Preparing to unpack .../150-libwayland-cursor0_1.20.0-1ubuntu0.1_arm64.deb ...
Unpacking libwayland-cursor0:arm64 (1.20.0-1ubuntu0.1) ...
Selecting previously unselected package libwayland-egl1:arm64.
Preparing to unpack .../151-libwayland-egl1_1.20.0-1ubuntu0.1_arm64.deb ...
Unpacking libwayland-egl1:arm64 (1.20.0-1ubuntu0.1) ...
Selecting previously unselected package libxinerama1:arm64.
Preparing to unpack .../152-libxinerama1_2%3a1.1.4-3_arm64.deb ...
Unpacking libxinerama1:arm64 (2:1.1.4-3) ...
Selecting previously unselected package libgtk-3-common.
Preparing to unpack .../153-libgtk-3-common_3.24.33-1ubuntu2.2_all.deb ...
Unpacking libgtk-3-common (3.24.33-1ubuntu2.2) ...
Selecting previously unselected package libgtk-3-0:arm64.
Preparing to unpack .../154-libgtk-3-0_3.24.33-1ubuntu2.2_arm64.deb ...
Unpacking libgtk-3-0:arm64 (3.24.33-1ubuntu2.2) ...
Selecting previously unselected package libgtk-3-bin.
Preparing to unpack .../155-libgtk-3-bin_3.24.33-1ubuntu2.2_arm64.deb ...
Unpacking libgtk-3-bin (3.24.33-1ubuntu2.2) ...
Selecting previously unselected package libhwloc15:arm64.
Preparing to unpack .../156-libhwloc15_2.7.0-2ubuntu1_arm64.deb ...
Unpacking libhwloc15:arm64 (2.7.0-2ubuntu1) ...
Selecting previously unselected package libilmbase25:arm64.
Preparing to unpack .../157-libilmbase25_2.5.7-2_arm64.deb ...
Unpacking libilmbase25:arm64 (2.5.7-2) ...
Selecting previously unselected package liblept5:arm64.
Preparing to unpack .../158-liblept5_1.82.0-3build1_arm64.deb ...
Unpacking liblept5:arm64 (1.82.0-3build1) ...
Selecting previously unselected package libtbbmalloc2:arm64.
Preparing to unpack .../159-libtbbmalloc2_2021.5.0-7ubuntu2_arm64.deb ...
Unpacking libtbbmalloc2:arm64 (2021.5.0-7ubuntu2) ...
Selecting previously unselected package libtbb2:arm64.
Preparing to unpack .../160-libtbb2_2020.3-1ubuntu3_arm64.deb ...
Unpacking libtbb2:arm64 (2020.3-1ubuntu3) ...
Selecting previously unselected package libopencv-core4.5d:arm64.
Preparing to unpack .../161-libopencv-core4.5d_4.5.4+dfsg-9ubuntu4_arm64.deb ...
Unpacking libopencv-core4.5d:arm64 (4.5.4+dfsg-9ubuntu4) ...
Selecting previously unselected package libopencv-flann4.5d:arm64.
Preparing to unpack .../162-libopencv-flann4.5d_4.5.4+dfsg-9ubuntu4_arm64.deb ...
Unpacking libopencv-flann4.5d:arm64 (4.5.4+dfsg-9ubuntu4) ...
Selecting previously unselected package libopencv-imgproc4.5d:arm64.
Preparing to unpack .../163-libopencv-imgproc4.5d_4.5.4+dfsg-9ubuntu4_arm64.deb ...
Unpacking libopencv-imgproc4.5d:arm64 (4.5.4+dfsg-9ubuntu4) ...
Selecting previously unselected package libopencv-features2d4.5d:arm64.
Preparing to unpack .../164-libopencv-features2d4.5d_4.5.4+dfsg-9ubuntu4_arm64.deb ...
Unpacking libopencv-features2d4.5d:arm64 (4.5.4+dfsg-9ubuntu4) ...
Selecting previously unselected package libopencv-calib3d4.5d:arm64.
Preparing to unpack .../165-libopencv-calib3d4.5d_4.5.4+dfsg-9ubuntu4_arm64.deb ...
Unpacking libopencv-calib3d4.5d:arm64 (4.5.4+dfsg-9ubuntu4) ...
Selecting previously unselected package libprotobuf23:arm64.
Preparing to unpack .../166-libprotobuf23_3.12.4-1ubuntu7.22.04.6_arm64.deb ...
Unpacking libprotobuf23:arm64 (3.12.4-1ubuntu7.22.04.6) ...
Selecting previously unselected package libopencv-dnn4.5d:arm64.
Preparing to unpack .../167-libopencv-dnn4.5d_4.5.4+dfsg-9ubuntu4_arm64.deb ...
Unpacking libopencv-dnn4.5d:arm64 (4.5.4+dfsg-9ubuntu4) ...
Selecting previously unselected package libopenexr25:arm64.
Preparing to unpack .../168-libopenexr25_2.5.7-1_arm64.deb ...
Unpacking libopenexr25:arm64 (2.5.7-1) ...
Selecting previously unselected package libopencv-imgcodecs4.5d:arm64.
Preparing to unpack .../169-libopencv-imgcodecs4.5d_4.5.4+dfsg-9ubuntu4_arm64.deb ...
Unpacking libopencv-imgcodecs4.5d:arm64 (4.5.4+dfsg-9ubuntu4) ...
Selecting previously unselected package libopencv-highgui4.5d:arm64.
Preparing to unpack .../170-libopencv-highgui4.5d_4.5.4+dfsg-9ubuntu4_arm64.deb ...
Unpacking libopencv-highgui4.5d:arm64 (4.5.4+dfsg-9ubuntu4) ...
Selecting previously unselected package libopencv-ml4.5d:arm64.
Preparing to unpack .../171-libopencv-ml4.5d_4.5.4+dfsg-9ubuntu4_arm64.deb ...
Unpacking libopencv-ml4.5d:arm64 (4.5.4+dfsg-9ubuntu4) ...
Selecting previously unselected package libopencv-objdetect4.5d:arm64.
Preparing to unpack .../172-libopencv-objdetect4.5d_4.5.4+dfsg-9ubuntu4_arm64.deb ...
Unpacking libopencv-objdetect4.5d:arm64 (4.5.4+dfsg-9ubuntu4) ...
Selecting previously unselected package libopencv-video4.5d:arm64.
Preparing to unpack .../173-libopencv-video4.5d_4.5.4+dfsg-9ubuntu4_arm64.deb ...
Unpacking libopencv-video4.5d:arm64 (4.5.4+dfsg-9ubuntu4) ...
Selecting previously unselected package libtesseract4:arm64.
Preparing to unpack .../174-libtesseract4_4.1.1-2.1build1_arm64.deb ...
Unpacking libtesseract4:arm64 (4.1.1-2.1build1) ...
Selecting previously unselected package libopencv-contrib4.5d:arm64.
Preparing to unpack .../175-libopencv-contrib4.5d_4.5.4+dfsg-9ubuntu4_arm64.deb ...
Unpacking libopencv-contrib4.5d:arm64 (4.5.4+dfsg-9ubuntu4) ...
Selecting previously unselected package libopencv-photo4.5d:arm64.
Preparing to unpack .../176-libopencv-photo4.5d_4.5.4+dfsg-9ubuntu4_arm64.deb ...
Unpacking libopencv-photo4.5d:arm64 (4.5.4+dfsg-9ubuntu4) ...
Selecting previously unselected package libopencv-shape4.5d:arm64.
Preparing to unpack .../177-libopencv-shape4.5d_4.5.4+dfsg-9ubuntu4_arm64.deb ...
Unpacking libopencv-shape4.5d:arm64 (4.5.4+dfsg-9ubuntu4) ...
Selecting previously unselected package libopencv-stitching4.5d:arm64.
Preparing to unpack .../178-libopencv-stitching4.5d_4.5.4+dfsg-9ubuntu4_arm64.deb ...
Unpacking libopencv-stitching4.5d:arm64 (4.5.4+dfsg-9ubuntu4) ...
Selecting previously unselected package libswscale5:arm64.
Preparing to unpack .../179-libswscale5_7%3a4.4.2-0ubuntu0.22.04.1_arm64.deb ...
Unpacking libswscale5:arm64 (7:4.4.2-0ubuntu0.22.04.1) ...
Selecting previously unselected package libopencv-videoio4.5d:arm64.
Preparing to unpack .../180-libopencv-videoio4.5d_4.5.4+dfsg-9ubuntu4_arm64.deb ...
Unpacking libopencv-videoio4.5d:arm64 (4.5.4+dfsg-9ubuntu4) ...
Selecting previously unselected package libopengl0:arm64.
Preparing to unpack .../181-libopengl0_1.4.0-1_arm64.deb ...
Unpacking libopengl0:arm64 (1.4.0-1) ...
Selecting previously unselected package libpciaccess0:arm64.
Preparing to unpack .../182-libpciaccess0_0.16-3_arm64.deb ...
Unpacking libpciaccess0:arm64 (0.16-3) ...
Selecting previously unselected package libxnvctrl0:arm64.
Preparing to unpack .../183-libxnvctrl0_510.47.03-0ubuntu1.22.04.1_arm64.deb ...
Unpacking libxnvctrl0:arm64 (510.47.03-0ubuntu1.22.04.1) ...
Selecting previously unselected package libhwloc-plugins:arm64.
Preparing to unpack .../184-libhwloc-plugins_2.7.0-2ubuntu1_arm64.deb ...
Unpacking libhwloc-plugins:arm64 (2.7.0-2ubuntu1) ...
Selecting previously unselected package libpmix2:arm64.
Preparing to unpack .../185-libpmix2_4.1.2-2ubuntu1_arm64.deb ...
Unpacking libpmix2:arm64 (4.1.2-2ubuntu1) ...
Selecting previously unselected package libucx0:arm64.
Preparing to unpack .../186-libucx0_1.12.1~rc2-1_arm64.deb ...
Unpacking libucx0:arm64 (1.12.1~rc2-1) ...
Selecting previously unselected package libopenmpi3:arm64.
Preparing to unpack .../187-libopenmpi3_4.1.2-2ubuntu1_arm64.deb ...
Unpacking libopenmpi3:arm64 (4.1.2-2ubuntu1) ...
Selecting previously unselected package libtbb12:arm64.
Preparing to unpack .../188-libtbb12_2021.5.0-7ubuntu2_arm64.deb ...
Unpacking libtbb12:arm64 (2021.5.0-7ubuntu2) ...
Selecting previously unselected package libtcl8.6:arm64.
Preparing to unpack .../189-libtcl8.6_8.6.12+dfsg-1build1_arm64.deb ...
Unpacking libtcl8.6:arm64 (8.6.12+dfsg-1build1) ...
Selecting previously unselected package libxft2:arm64.
Preparing to unpack .../190-libxft2_2.3.4-1_arm64.deb ...
Unpacking libxft2:arm64 (2.3.4-1) ...
Selecting previously unselected package libxss1:arm64.
Preparing to unpack .../191-libxss1_1%3a1.2.3-1build2_arm64.deb ...
Unpacking libxss1:arm64 (1:1.2.3-1build2) ...
Selecting previously unselected package libtk8.6:arm64.
Preparing to unpack .../192-libtk8.6_8.6.12-1build1_arm64.deb ...
Unpacking libtk8.6:arm64 (8.6.12-1build1) ...
Selecting previously unselected package libvtk9.1:arm64.
Preparing to unpack .../193-libvtk9.1_9.1.0+really9.1.0+dfsg2-3build1_arm64.deb ...
Unpacking libvtk9.1:arm64 (9.1.0+really9.1.0+dfsg2-3build1) ...
Selecting previously unselected package libopencv-viz4.5d:arm64.
Preparing to unpack .../194-libopencv-viz4.5d_4.5.4+dfsg-9ubuntu4_arm64.deb ...
Unpacking libopencv-viz4.5d:arm64 (4.5.4+dfsg-9ubuntu4) ...
Selecting previously unselected package librsvg2-common:arm64.
Preparing to unpack .../195-librsvg2-common_2.52.5+dfsg-3ubuntu0.2_arm64.deb ...
Unpacking librsvg2-common:arm64 (2.52.5+dfsg-3ubuntu0.2) ...
Selecting previously unselected package mesa-va-drivers:arm64.
Preparing to unpack .../196-mesa-va-drivers_23.2.1-1ubuntu3.1~22.04.4_arm64.deb ...
Unpacking mesa-va-drivers:arm64 (23.2.1-1ubuntu3.1~22.04.4) ...
Selecting previously unselected package mesa-vdpau-drivers:arm64.
Preparing to unpack .../197-mesa-vdpau-drivers_23.2.1-1ubuntu3.1~22.04.4_arm64.deb ...
Unpacking mesa-vdpau-drivers:arm64 (23.2.1-1ubuntu3.1~22.04.4) ...
Selecting previously unselected package python3-idna.
Preparing to unpack .../198-python3-idna_3.3-1ubuntu0.2_all.deb ...
Unpacking python3-idna (3.3-1ubuntu0.2) ...
Selecting previously unselected package python3-multidict.
Preparing to unpack .../199-python3-multidict_5.1.0-1build2_arm64.deb ...
Unpacking python3-multidict (5.1.0-1build2) ...
Selecting previously unselected package python3-yarl.
Preparing to unpack .../200-python3-yarl_1.7.2-1build1_arm64.deb ...
Unpacking python3-yarl (1.7.2-1build1) ...
Selecting previously unselected package python3-typing-extensions.
Preparing to unpack .../201-python3-typing-extensions_3.10.0.2-1_all.deb ...
Unpacking python3-typing-extensions (3.10.0.2-1) ...
Selecting previously unselected package python3-async-timeout.
Preparing to unpack .../202-python3-async-timeout_4.0.1-1_all.deb ...
Unpacking python3-async-timeout (4.0.1-1) ...
Selecting previously unselected package python3-frozenlist.
Preparing to unpack .../203-python3-frozenlist_1.2.0-1build1_arm64.deb ...
Unpacking python3-frozenlist (1.2.0-1build1) ...
Selecting previously unselected package python3-aiosignal.
Preparing to unpack .../204-python3-aiosignal_1.2.0-2_all.deb ...
Unpacking python3-aiosignal (1.2.0-2) ...
Selecting previously unselected package python3-charset-normalizer.
Preparing to unpack .../205-python3-charset-normalizer_2.0.6-2_all.deb ...
Unpacking python3-charset-normalizer (2.0.6-2) ...
Selecting previously unselected package python3-aiohttp.
Preparing to unpack .../206-python3-aiohttp_3.8.1-4ubuntu0.2_arm64.deb ...
Unpacking python3-aiohttp (3.8.1-4ubuntu0.2) ...
Selecting previously unselected package python3-opencv:arm64.
Preparing to unpack .../207-python3-opencv_4.5.4+dfsg-9ubuntu4_arm64.deb ...
Unpacking python3-opencv:arm64 (4.5.4+dfsg-9ubuntu4) ...
Selecting previously unselected package va-driver-all:arm64.
Preparing to unpack .../208-va-driver-all_2.14.0-1_arm64.deb ...
Unpacking va-driver-all:arm64 (2.14.0-1) ...
Selecting previously unselected package vdpau-driver-all:arm64.
Preparing to unpack .../209-vdpau-driver-all_1.4-3build2_arm64.deb ...
Unpacking vdpau-driver-all:arm64 (1.4-3build2) ...
Selecting previously unselected package proj-bin.
Preparing to unpack .../210-proj-bin_8.2.1-1_arm64.deb ...
Unpacking proj-bin (8.2.1-1) ...
Setting up libgme0:arm64 (0.6.3-2) ...
Setting up libssh-gcrypt-4:arm64 (0.9.6-2ubuntu0.22.04.8) ...
Setting up libsrt1.4-gnutls:arm64 (1.4.4-4) ...
Setting up liblcms2-2:arm64 (2.12~rc1-2ubuntu0.1) ...
Setting up libtbbmalloc2:arm64 (2021.5.0-7ubuntu2) ...
Setting up libudfread0:arm64 (1.1.2-1) ...
Setting up libcdparanoia0:arm64 (3.10.2+debian-14build2) ...
Setting up libgeos3.10.2:arm64 (3.10.2-1) ...
Setting up libaom3:arm64 (3.3.0-1ubuntu0.1) ...
Setting up libpciaccess0:arm64 (0.16-3) ...
Setting up mysql-common (5.8+1.0.8) ...
update-alternatives: using /etc/mysql/my.cnf.fallback to provide /etc/mysql/my.cnf (my.cnf) in auto mode
Setting up libdw1:arm64 (0.186-1ubuntu0.1) ...
Setting up librabbitmq4:arm64 (0.10.0-1ubuntu2.2) ...
Setting up systemd-sysv (249.11-0ubuntu3.22) ...
Setting up libmysqlclient21:arm64 (8.0.46-0ubuntu0.22.04.4) ...
Setting up libdouble-conversion3:arm64 (3.1.7-4) ...
Setting up libraw1394-11:arm64 (2.1.2-2build2) ...
Setting up libxft2:arm64 (2.3.4-1) ...
Setting up libcodec2-1.0:arm64 (1.0.1-3) ...
Setting up libsodium23:arm64 (1.0.18-1ubuntu0.22.04.1) ...
Setting up libmpg123-0:arm64 (1.29.3-1ubuntu0.1) ...
Setting up libogg0:arm64 (1.3.5-0ubuntu3) ...
Setting up libxerces-c3.2:arm64 (3.2.3+debian-3ubuntu0.1) ...
Setting up libspeex1:arm64 (1.2~rc1.2-1.1ubuntu3) ...
Setting up proj-data (8.2.1-1) ...
Setting up libshine3:arm64 (3.1.1-2) ...
Setting up hicolor-icon-theme (0.17-2) ...
Setting up libtwolame0:arm64 (0.4.0-2build2) ...
Setting up libogdi4.1 (4.1.0+ds-5) ...
Setting up libgsm1:arm64 (1.0.19-1) ...
Setting up libcharls2:arm64 (2.3.4-1) ...
Setting up libminizip1:arm64 (1.1-8build1) ...
Setting up libvisual-0.4-0:arm64 (0.4.0-17build2) ...
Setting up libsoxr0:arm64 (0.1.3-4build2) ...
Setting up python3-charset-normalizer (2.0.6-2) ...
Setting up libpgm-5.3-0:arm64 (5.3.128~dfsg-2) ...
Setting up libgdk-pixbuf2.0-common (2.42.8+dfsg-1ubuntu0.5) ...
Setting up libnorm1:arm64 (1.5.9+dfsg-2) ...
Setting up libtbb2:arm64 (2020.3-1ubuntu3) ...
Setting up libarpack2:arm64 (3.8.0-1) ...
Setting up libpq5:arm64 (14.24-0ubuntu0.22.04.1) ...
Setting up libsuperlu5:arm64 (5.3.0+dfsg1-2) ...
Setting up libnss-systemd:arm64 (249.11-0ubuntu3.22) ...
First installation detected...
Checking NSS setup...
Setting up libqhull-r8.0:arm64 (2020.2-4) ...
Setting up libilmbase25:arm64 (2.5.7-2) ...
Setting up libprotobuf23:arm64 (3.12.4-1ubuntu7.22.04.6) ...
Setting up libtbb12:arm64 (2021.5.0-7ubuntu2) ...
Setting up libproj22:arm64 (8.2.1-1) ...
Setting up libxvidcore4:arm64 (2:1.3.7-1) ...
Setting up libgphoto2-l10n (2.5.27-1ubuntu0.1) ...
Setting up libaec0:arm64 (1.0.6-1) ...
Setting up libcolord2:arm64 (1.4.6-1) ...
Setting up gdal-data (3.4.1+dfsg-1build4) ...
Setting up python3-multidict (5.1.0-1build2) ...
Setting up libopengl0:arm64 (1.4.0-1) ...
Setting up libgl2ps1.4 (1.4.2+dfsg1-2) ...
Setting up libgeotiff5:arm64 (1.7.0-2build1) ...
Setting up python3-frozenlist (1.2.0-1build1) ...
Setting up libsnappy1v5:arm64 (1.1.8-1build3) ...
Setting up poppler-data (0.4.11-1) ...
Setting up python3-aiosignal (1.2.0-2) ...
Setting up libcfitsio9:arm64 (4.0.0-1) ...
Setting up libxnvctrl0:arm64 (510.47.03-0ubuntu1.22.04.1) ...
Setting up libcap2-bin (1:2.44-1ubuntu0.22.04.3) ...
Setting up libopenexr25:arm64 (2.5.7-1) ...
Setting up libdconf1:arm64 (0.40.0-3ubuntu0.1) ...
Setting up libva2:arm64 (2.14.0-1) ...
Setting up libepoxy0:arm64 (1.5.10-1) ...
Setting up libx264-163:arm64 (2:0.163.3060+git5db6aa6-2build1) ...
Setting up dbus (1.12.20-2ubuntu4.1) ...
Setting up libopus0:arm64 (1.3.1-0.1build2) ...
Setting up shared-mime-info (2.1-2) ...
Setting up libxinerama1:arm64 (2:1.1.4-3) ...
Setting up libexif12:arm64 (0.6.24-1ubuntu0.22.04.1) ...
Setting up libhwloc15:arm64 (2.7.0-2ubuntu1) ...
Setting up systemd-timesyncd (249.11-0ubuntu3.22) ...
Created symlink /etc/systemd/system/dbus-org.freedesktop.timesync1.service → /lib/systemd/system/systemd-timesyncd.service.
Created symlink /etc/systemd/system/sysinit.target.wants/systemd-timesyncd.service → /lib/systemd/system/systemd-timesyncd.service.
Setting up libevent-core-2.1-7:arm64 (2.1.12-stable-1ubuntu0.1) ...
Setting up libvorbis0a:arm64 (1.3.7-1build2) ...
Setting up python3-idna (3.3-1ubuntu0.2) ...
Setting up liborc-0.4-0:arm64 (1:0.4.32-2ubuntu0.1) ...
Setting up libtcl8.6:arm64 (8.6.12+dfsg-1build1) ...
Setting up libgeos-c1v5:arm64 (3.10.2-1) ...
Setting up unixodbc-common (2.3.9-5ubuntu0.1) ...
Setting up libsocket++1:arm64 (1.12.13+git20131030.5d039ba-1) ...
Setting up python3-typing-extensions (3.10.0.2-1) ...
Setting up libaacs0:arm64 (0.11.1-1) ...
Setting up libglew2.2:arm64 (2.2.0-4) ...
Setting up libhdf4-0-alt (4.2.15-4) ...
Setting up libgif7:arm64 (5.1.9-2ubuntu0.3) ...
Setting up libodbc2:arm64 (2.3.9-5ubuntu0.1) ...
Setting up liburiparser1:arm64 (0.9.6+dfsg-1) ...
Setting up libbdplus0:arm64 (0.2.0-1) ...
Setting up libnuma1:arm64 (2.0.14-3ubuntu2) ...
Setting up librttopo1:arm64 (1.1.0-2) ...
Setting up libfreexl1:arm64 (1.0.6-1) ...
Setting up dmsetup (2:1.02.175-2.1ubuntu5) ...
Setting up libva-drm2:arm64 (2.14.0-1) ...
Setting up ocl-icd-libopencl1:arm64 (2.2.14-3) ...
Setting up libvdpau1:arm64 (1.4-3build2) ...
Setting up libwayland-cursor0:arm64 (1.20.0-1ubuntu0.1) ...
Setting up libfyba0:arm64 (4.1.1-7) ...
Setting up libtheora0:arm64 (1.1.1+dfsg.1-15ubuntu4) ...
Setting up libkmlbase1:arm64 (1.3.0-9) ...
Setting up libblosc1:arm64 (1.21.1+ds2-2) ...
Setting up libnl-3-200:arm64 (3.5.0-0.1) ...
Setting up libopencv-core4.5d:arm64 (4.5.4+dfsg-9ubuntu4) ...
Setting up libpam-systemd:arm64 (249.11-0ubuntu3.22) ...
debconf: unable to initialize frontend: Dialog
debconf: (Dialog frontend will not work on a dumb terminal, an emacs shell buffer, or without a controlling terminal.)
debconf: falling back to frontend: Readline
Setting up libopenjp2-7:arm64 (2.4.0-6ubuntu0.5) ...
Setting up libgirepository-1.0-1:arm64 (1.72.0-1) ...
Setting up libgdk-pixbuf-2.0-0:arm64 (2.42.8+dfsg-1ubuntu0.5) ...
Setting up libvpx7:arm64 (1.11.0-2ubuntu2.5) ...
Setting up libcairo-gobject2:arm64 (1.16.0-5ubuntu2.1) ...
Setting up libwayland-egl1:arm64 (1.20.0-1ubuntu0.1) ...
Setting up libxss1:arm64 (1:1.2.3-1build2) ...
Setting up libusb-1.0-0:arm64 (2:1.0.25-1ubuntu2) ...
Setting up libgphoto2-port12:arm64 (2.5.27-1ubuntu0.1) ...
Setting up mesa-va-drivers:arm64 (23.2.1-1ubuntu3.1~22.04.4) ...
Setting up libdav1d5:arm64 (0.9.2-1) ...
Setting up libbluray2:arm64 (1:1.3.1-1) ...
Setting up libde265-0:arm64 (1.0.8-1ubuntu0.3) ...
Setting up libva-x11-2:arm64 (2.14.0-1) ...
Setting up libwebpmux3:arm64 (1.2.2-2ubuntu0.22.04.2) ...
Setting up python3-yarl (1.7.2-1build1) ...
Setting up libpam-cap:arm64 (1:2.44-1ubuntu0.22.04.3) ...
debconf: unable to initialize frontend: Dialog
debconf: (Dialog frontend will not work on a dumb terminal, an emacs shell buffer, or without a controlling terminal.)
debconf: falling back to frontend: Readline
Setting up iputils-ping (3:20211215-1ubuntu0.1) ...
Setting up iso-codes (4.9.0-1) ...
Setting up libzvbi-common (0.2.35-19) ...
Setting up libgstreamer1.0-0:arm64 (1.20.3-0ubuntu1.1) ...
Setcap worked! gst-ptp-helper is not suid!
Setting up libmp3lame0:arm64 (3.100-3build2) ...
Setting up libsz2:arm64 (1.0.6-1) ...
Setting up libvorbisenc2:arm64 (1.3.7-1build2) ...
Setting up libevent-pthreads-2.1-7:arm64 (2.1.12-stable-1ubuntu0.1) ...
Setting up libkmldom1:arm64 (1.3.0-9) ...
Setting up libspatialite7:arm64 (5.0.1-2build2) ...
Setting up libopencv-imgproc4.5d:arm64 (4.5.4+dfsg-9ubuntu4) ...
Setting up mesa-vdpau-drivers:arm64 (23.2.1-1ubuntu3.1~22.04.4) ...
Setting up libzvbi0:arm64 (0.2.35-19) ...
Setting up libopencv-flann4.5d:arm64 (4.5.4+dfsg-9ubuntu4) ...
Setting up gtk-update-icon-cache (3.24.33-1ubuntu2.2) ...
Setting up libodbcinst2:arm64 (2.3.9-5ubuntu0.1) ...
Setting up libarmadillo10 (1:10.8.2+dfsg-1) ...
Setting up libopencv-photo4.5d:arm64 (4.5.4+dfsg-9ubuntu4) ...
Setting up libzmq5:arm64 (4.3.4-2) ...
Setting up libkmlengine1:arm64 (1.3.0-9) ...
Setting up libtk8.6:arm64 (8.6.12-1build1) ...
Setting up proj-bin (8.2.1-1) ...
Setting up libopencv-features2d4.5d:arm64 (4.5.4+dfsg-9ubuntu4) ...
Setting up libopencv-ml4.5d:arm64 (4.5.4+dfsg-9ubuntu4) ...
Setting up libhwloc-plugins:arm64 (2.7.0-2ubuntu1) ...
Setting up libavutil56:arm64 (7:4.4.2-0ubuntu0.22.04.1) ...
Setting up liblept5:arm64 (1.82.0-3build1) ...
Setting up libnl-route-3-200:arm64 (3.5.0-0.1) ...
Setting up python3-async-timeout (4.0.1-1) ...
Setting up librsvg2-2:arm64 (2.52.5+dfsg-3ubuntu0.2) ...
Setting up libpoppler118:arm64 (22.02.0-2ubuntu0.13) ...
Setting up libvorbisfile3:arm64 (1.3.7-1build2) ...
Setting up dbus-user-session (1.12.20-2ubuntu4.1) ...
Setting up libgphoto2-6:arm64 (2.5.27-1ubuntu0.1) ...
Setting up va-driver-all:arm64 (2.14.0-1) ...
Setting up libgdcm3.0:arm64 (3.0.10-1build2) ...
Setting up libdc1394-25:arm64 (2.2.6-4) ...
Setting up gir1.2-glib-2.0:arm64 (1.72.0-1) ...
Setting up librsvg2-common:arm64 (2.52.5+dfsg-3ubuntu0.2) ...
Setting up libtesseract4:arm64 (4.1.1-2.1build1) ...
Setting up libx265-199:arm64 (3.5-2) ...
Setting up libopencv-dnn4.5d:arm64 (4.5.4+dfsg-9ubuntu4) ...
Setting up vdpau-driver-all:arm64 (1.4-3build2) ...
Setting up libhdf5-103-1:arm64 (1.10.7+repack-4ubuntu2) ...
Setting up libgdk-pixbuf2.0-bin (2.42.8+dfsg-1ubuntu0.5) ...
Setting up libswscale5:arm64 (7:4.4.2-0ubuntu0.22.04.1) ...
Setting up libopenmpt0:arm64 (0.6.1-1) ...
Setting up libhdf5-hl-100:arm64 (1.10.7+repack-4ubuntu2) ...
Setting up libopencv-calib3d4.5d:arm64 (4.5.4+dfsg-9ubuntu4) ...
Setting up libibverbs1:arm64 (39.0-1) ...
Setting up libpmix2:arm64 (4.1.2-2ubuntu1) ...
Setting up ibverbs-providers:arm64 (39.0-1) ...
Setting up libheif1:arm64 (1.12.0-2build1) ...
Setting up python3-aiohttp (3.8.1-4ubuntu0.2) ...
Setting up dconf-service (0.40.0-3ubuntu0.1) ...
Setting up libswresample3:arm64 (7:4.4.2-0ubuntu0.22.04.1) ...
Setting up libopencv-video4.5d:arm64 (4.5.4+dfsg-9ubuntu4) ...
Setting up python3-gi (3.42.1-0ubuntu1) ...
Setting up libopencv-objdetect4.5d:arm64 (4.5.4+dfsg-9ubuntu4) ...
Setting up libopencv-stitching4.5d:arm64 (4.5.4+dfsg-9ubuntu4) ...
Setting up libopencv-shape4.5d:arm64 (4.5.4+dfsg-9ubuntu4) ...
Setting up libnetcdf19:arm64 (1:4.8.1-1) ...
Setting up libavcodec58:arm64 (7:4.4.2-0ubuntu0.22.04.1) ...
Setting up libchromaprint1:arm64 (1.5.1-2) ...
Setting up networkd-dispatcher (2.1-2ubuntu0.22.04.2) ...
Created symlink /etc/systemd/system/multi-user.target.wants/networkd-dispatcher.service → /lib/systemd/system/networkd-dispatcher.service.
Setting up librdmacm1:arm64 (39.0-1) ...
Setting up libucx0:arm64 (1.12.1~rc2-1) ...
Setting up dconf-gsettings-backend:arm64 (0.40.0-3ubuntu0.1) ...
Setting up libavformat58:arm64 (7:4.4.2-0ubuntu0.22.04.1) ...
Setting up libgdal30 (3.4.1+dfsg-1build4) ...
Setting up libgtk-3-common (3.24.33-1ubuntu2.2) ...
Setting up libfabric1:arm64 (1.11.0-3) ...
Setting up libopencv-imgcodecs4.5d:arm64 (4.5.4+dfsg-9ubuntu4) ...
Setting up libopenmpi3:arm64 (4.1.2-2ubuntu1) ...
Setting up libvtk9.1:arm64 (9.1.0+really9.1.0+dfsg2-3build1) ...
Setting up libopencv-viz4.5d:arm64 (4.5.4+dfsg-9ubuntu4) ...
Setting up adwaita-icon-theme (41.0-1ubuntu1) ...
update-alternatives: using /usr/share/icons/Adwaita/cursor.theme to provide /usr/share/icons/default/index.theme (x-cursor-theme) in auto mode
Setting up humanity-icon-theme (0.6.16) ...
Setting up ubuntu-mono (20.10-0ubuntu2) ...
Processing triggers for sgml-base (1.30) ...
Processing triggers for fontconfig (2.13.1-4.2ubuntu5) ...
Processing triggers for libglib2.0-0:arm64 (2.72.4-0ubuntu2.9) ...
Setting up libgtk-3-0:arm64 (3.24.33-1ubuntu2.2) ...
Processing triggers for libc-bin (2.35-0ubuntu3.14) ...
Setting up libgstreamer-plugins-base1.0-0:arm64 (1.20.1-1ubuntu0.6) ...
Setting up libgtk-3-bin (3.24.33-1ubuntu2.2) ...
Setting up gstreamer1.0-plugins-base:arm64 (1.20.1-1ubuntu0.6) ...
Setting up libopencv-highgui4.5d:arm64 (4.5.4+dfsg-9ubuntu4) ...
Setting up libopencv-videoio4.5d:arm64 (4.5.4+dfsg-9ubuntu4) ...
Setting up libopencv-contrib4.5d:arm64 (4.5.4+dfsg-9ubuntu4) ...
Setting up python3-opencv:arm64 (4.5.4+dfsg-9ubuntu4) ...
Processing triggers for libgdk-pixbuf-2.0-0:arm64 (2.42.8+dfsg-1ubuntu0.5) ...
Processing triggers for libc-bin (2.35-0ubuntu3.14) ...
PASS interfaces already importable; interface build skipped.
Starting >>> aideck_aruco_ros
running egg_info
creating ../../build/aideck_aruco_ros/aideck_aruco_ros.egg-info
writing ../../build/aideck_aruco_ros/aideck_aruco_ros.egg-info/PKG-INFO
writing dependency_links to ../../build/aideck_aruco_ros/aideck_aruco_ros.egg-info/dependency_links.txt
writing entry points to ../../build/aideck_aruco_ros/aideck_aruco_ros.egg-info/entry_points.txt
writing requirements to ../../build/aideck_aruco_ros/aideck_aruco_ros.egg-info/requires.txt
writing top-level names to ../../build/aideck_aruco_ros/aideck_aruco_ros.egg-info/top_level.txt
writing manifest file '../../build/aideck_aruco_ros/aideck_aruco_ros.egg-info/SOURCES.txt'
reading manifest file '../../build/aideck_aruco_ros/aideck_aruco_ros.egg-info/SOURCES.txt'
writing manifest file '../../build/aideck_aruco_ros/aideck_aruco_ros.egg-info/SOURCES.txt'
running build
running build_py
creating /home/coshow/COSHOW/ros2_ws/build/aideck_aruco_ros/build
creating /home/coshow/COSHOW/ros2_ws/build/aideck_aruco_ros/build/lib
creating /home/coshow/COSHOW/ros2_ws/build/aideck_aruco_ros/build/lib/aideck_aruco_ros
copying aideck_aruco_ros/__init__.py -> /home/coshow/COSHOW/ros2_ws/build/aideck_aruco_ros/build/lib/aideck_aruco_ros
copying aideck_aruco_ros/udp_stream.py -> /home/coshow/COSHOW/ros2_ws/build/aideck_aruco_ros/build/lib/aideck_aruco_ros
copying aideck_aruco_ros/aideck_aruco_node.py -> /home/coshow/COSHOW/ros2_ws/build/aideck_aruco_ros/build/lib/aideck_aruco_ros
running install
running install_lib
creating /home/coshow/COSHOW/ros2_ws/install/lib/python3.10/site-packages/aideck_aruco_ros
copying /home/coshow/COSHOW/ros2_ws/build/aideck_aruco_ros/build/lib/aideck_aruco_ros/__init__.py -> /home/coshow/COSHOW/ros2_ws/install/lib/python3.10/site-packages/aideck_aruco_ros
copying /home/coshow/COSHOW/ros2_ws/build/aideck_aruco_ros/build/lib/aideck_aruco_ros/udp_stream.py -> /home/coshow/COSHOW/ros2_ws/install/lib/python3.10/site-packages/aideck_aruco_ros
copying /home/coshow/COSHOW/ros2_ws/build/aideck_aruco_ros/build/lib/aideck_aruco_ros/aideck_aruco_node.py -> /home/coshow/COSHOW/ros2_ws/install/lib/python3.10/site-packages/aideck_aruco_ros
byte-compiling /home/coshow/COSHOW/ros2_ws/install/lib/python3.10/site-packages/aideck_aruco_ros/__init__.py to __init__.cpython-310.pyc
byte-compiling /home/coshow/COSHOW/ros2_ws/install/lib/python3.10/site-packages/aideck_aruco_ros/udp_stream.py to udp_stream.cpython-310.pyc
byte-compiling /home/coshow/COSHOW/ros2_ws/install/lib/python3.10/site-packages/aideck_aruco_ros/aideck_aruco_node.py to aideck_aruco_node.cpython-310.pyc
running install_data
copying resource/aideck_aruco_ros -> /home/coshow/COSHOW/ros2_ws/install/share/ament_index/resource_index/packages
copying package.xml -> /home/coshow/COSHOW/ros2_ws/install/share/aideck_aruco_ros
creating /home/coshow/COSHOW/ros2_ws/install/share/aideck_aruco_ros/launch
copying launch/aideck_aruco.launch.py -> /home/coshow/COSHOW/ros2_ws/install/share/aideck_aruco_ros/launch
creating /home/coshow/COSHOW/ros2_ws/install/share/aideck_aruco_ros/config
copying config/drones.yaml -> /home/coshow/COSHOW/ros2_ws/install/share/aideck_aruco_ros/config
running install_egg_info
Copying ../../build/aideck_aruco_ros/aideck_aruco_ros.egg-info to /home/coshow/COSHOW/ros2_ws/install/lib/python3.10/site-packages/aideck_aruco_ros-0.1.0-py3.10.egg-info
running install_scripts
Installing aideck_aruco_node script to /home/coshow/COSHOW/ros2_ws/install/lib/aideck_aruco_ros
writing list of installed files to '/home/coshow/COSHOW/ros2_ws/build/aideck_aruco_ros/install.log'
Finished <<< aideck_aruco_ros [0.29s]

Summary: 1 package finished [0.35s]
PASS Python aiohttp/PyYAML/rclpy imports
uint8 group_mask
float32 height
builtin_interfaces/Duration duration
	int32 sec
	uint32 nanosec
---
PASS crazyflie Land interface
# 드론 1대의 한 프레임 검출 결과
std_msgs/Header header                # stamp = 검출 완료 시각
	builtin_interfaces/Time stamp
		int32 sec
		uint32 nanosec
	string frame_id
string drone                          # "cf_a" 등
geometry_msgs/PoseStamped drone_pose  # 검출 시점의 최신 pose
	std_msgs/Header header
		builtin_interfaces/Time stamp
			int32 sec
			uint32 nanosec
		string frame_id
	Pose pose
		Point position
			float64 x
			float64 y
			float64 z
		Quaternion orientation
			float64 x 0
			float64 y 0
			float64 z 0
			float64 w 1
MarkerDetection[] markers             # 검출된 마커 목록 (0개 이상)
	int32 id          #
	float32 cx        #
	float32 cy        #
	float32 size_px   #
	float32 world_x   #
	float32 world_y   #
PASS coshow MarkerDetections interface
/home/coshow/COSHOW/ros2_ws/install
Selected Python module: /home/coshow/COSHOW/ros2_ws/install/lib/python3.10/site-packages/aideck_aruco_ros/aideck_aruco_node.py
OpenCV 4.5.4 NumPy 1.21.5 ArUco API: detectMarkers synthetic marker=1; JPEG encode/decode PASS
PASS workspace package prefix, node import and OpenCV runtime
/usr/bin/ping
PASS ping executable
Chromium 140.0.7339.16 
PASS browser binary
Monitors: 1
 0: +screen 3840/1016x2160/571+0+0  screen
PASS X11 monitors
PASS installation self-check; collaborator YAML files were not modified.
FINAL_ENV AMENT_PREFIX_PATH /home/coshow/COSHOW/ros2_ws/install:/opt/ros/humble
FINAL_ENV CMAKE_PREFIX_PATH /home/coshow/COSHOW/ros2_ws/install
FINAL_ENV COLCON_PREFIX_PATH /home/coshow/COSHOW/ros2_ws/install
FINAL_ENV PYTHONPATH /home/coshow/COSHOW/controllers:/home/coshow/COSHOW/crazyflie-firmware/build:/home/coshow/COSHOW/ros2_ws/install/lib/python3.10/site-packages:/home/coshow/COSHOW/ros2_ws/install/local/lib/python3.10/dist-packages:/opt/ros/humble/lib/python3.10/site-packages:/opt/ros/humble/local/lib/python3.10/dist-packages
SELECTED_PREFIX aideck_aruco_ros /home/coshow/COSHOW/ros2_ws/install
SELECTED_PREFIX crazyflie_interfaces /home/coshow/COSHOW/ros2_ws/install
SELECTED_PREFIX coshow_interfaces /home/coshow/COSHOW/ros2_ws/install
SOURCE_BYTES_IDENTICAL setup_env.sh bcabe0c06322a09775321dbc4a11e43438e71efb94cda6b736a618e57b3b345d
SOURCE_BYTES_IDENTICAL bt/scenarios/coshow/configs/coshow_rehearsal.yaml 00ca67408cfa502f27f5a18034e33169c3193947ba32221cba34946fca0228d0
SOURCE_BYTES_IDENTICAL ros2_ws/src/crazyswarm2/crazyflie/config/crazyflies.yaml 6d5ea05b810ac57a5236aea24381b4a1a01402503d7b00c1c95b03b77a915b9b
SOURCE_BYTES_IDENTICAL ros2_ws/src/aideck_aruco_ros/config/drones.yaml 17555b91e30026edc6ed92e964e7400378a363baf7611f5c826acfd386921be2
SOURCE_BYTES_IDENTICAL dashboard/install.sh bd11f8fa84d0f76b060d9f722a06ce4b9a3004189fd7e436f07340df2d83a41e
PASS all build/install files owned by the non-root installer user
PASS latest installer, exact source YAML/setup_env preservation, no foreign ROS overlay
